# Generated Icons (Auto-created by mirrorandconvert.py)

DEPART = {
    'w': 64, 'h': 76,
    'data': [
        0x00, 0x00, 0x00, 0x00, 0x00, 0x00, 0x00, 0x00, 0x00, 0x00, 0x00, 0x00,
        0x00, 0x00, 0x00, 0x00, 0x00, 0x00, 0x00, 0x00, 0x00, 0x00, 0x00, 0x00,
        0x00, 0x00, 0x00, 0x00, 0x00, 0x00, 0x00, 0x00, 0x00, 0x00, 0x00, 0x00,
        0x00, 0x00, 0x00, 0x00, 0x00, 0x00, 0x00, 0x00, 0x00, 0x00, 0x00, 0x00,
        0x00, 0x00, 0x00, 0x00, 0x00, 0x00, 0x00, 0x00, 0x00, 0x00, 0x00, 0x00,
        0x00, 0x00, 0x00, 0x00, 0x00, 0x00, 0x00, 0x00, 0x00, 0x00, 0x00, 0x00,
        0x00, 0x00, 0x00, 0x00, 0x00, 0x00, 0x00, 0x00, 0x00, 0x00, 0x00, 0x00,
        0x00, 0x00, 0x00, 0x00, 0x00, 0x00, 0x00, 0x00, 0x00, 0x00, 0x00, 0x00,
        0x00, 0x00, 0x00, 0x01, 0x00, 0x00, 0x00, 0x00, 0x00, 0x00, 0x00, 0x01,
        0x80, 0x00, 0x00, 0x00, 0x00, 0x00, 0x00, 0x03, 0xC0, 0x00, 0x00, 0x00,
        0x00, 0x00, 0x00, 0x07, 0xC0, 0x00, 0x00, 0x00, 0x00, 0x00, 0x00, 0x07,
        0xE0, 0x00, 0x00, 0x00, 0x00, 0x00, 0x00, 0x0F, 0xF0, 0x00, 0x00, 0x00,
        0x00, 0x00, 0x00, 0x1F, 0xF0, 0x00, 0x00, 0x00, 0x00, 0x00, 0x00, 0x1F,
        0xF8, 0x00, 0x00, 0x00, 0x00, 0x00, 0x00, 0x3F, 0xFC, 0x00, 0x00, 0x00,
        0x00, 0x00, 0x00, 0x7F, 0xFC, 0x00, 0x00, 0x00, 0x00, 0x00, 0x00, 0x7F,
        0xFE, 0x00, 0x00, 0x00, 0x00, 0x00, 0x00, 0xFF, 0xFF, 0x00, 0x00, 0x00,
        0x00, 0x00, 0x01, 0xFF, 0xFF, 0x00, 0x00, 0x00, 0x00, 0x00, 0x01, 0xFF,
        0xFF, 0x80, 0x00, 0x00, 0x00, 0x00, 0x03, 0xFF, 0xFF, 0xC0, 0x00, 0x00,
        0x00, 0x00, 0x03, 0xFF, 0xFF, 0xC0, 0x00, 0x00, 0x00, 0x00, 0x07, 0xFF,
        0xFF, 0xE0, 0x00, 0x00, 0x00, 0x00, 0x0F, 0xFF, 0xFF, 0xF0, 0x00, 0x00,
        0x00, 0x00, 0x0F, 0xFF, 0xFF, 0xF0, 0x00, 0x00, 0x00, 0x00, 0x1F, 0xFF,
        0xFF, 0xF8, 0x00, 0x00, 0x00, 0x00, 0x3F, 0xFF, 0xFF, 0xFC, 0x00, 0x00,
        0x00, 0x00, 0x3F, 0xFF, 0xFF, 0xFC, 0x00, 0x00, 0x00, 0x00, 0x7F, 0xFF,
        0xFF, 0xFE, 0x00, 0x00, 0x00, 0x00, 0xFF, 0xFF, 0xFF, 0xFE, 0x00, 0x00,
        0x00, 0x00, 0xFF, 0xFF, 0xFF, 0xFF, 0x00, 0x00, 0x00, 0x01, 0xFF, 0xFF,
        0xFF, 0xFF, 0x80, 0x00, 0x00, 0x01, 0xFF, 0xFF, 0xFF, 0xFF, 0x80, 0x00,
        0x00, 0x01, 0xFF, 0xFF, 0xFF, 0xFF, 0x80, 0x00, 0x00, 0x01, 0xFF, 0xFF,
        0xFF, 0xFF, 0x80, 0x00, 0x00, 0x00, 0xF8, 0x3F, 0xFC, 0x1F, 0x00, 0x00,
        0x00, 0x00, 0x00, 0x3F, 0xFC, 0x00, 0x00, 0x00, 0x00, 0x00, 0x00, 0x3F,
        0xFC, 0x00, 0x00, 0x00, 0x00, 0x00, 0x00, 0x3F, 0xFC, 0x00, 0x00, 0x00,
        0x00, 0x00, 0x00, 0x3F, 0xFC, 0x00, 0x00, 0x00, 0x00, 0x00, 0x00, 0x3F,
        0xFC, 0x00, 0x00, 0x00, 0x00, 0x00, 0x00, 0x3F, 0xFC, 0x00, 0x00, 0x00,
        0x00, 0x00, 0x00, 0x3F, 0xFC, 0x00, 0x00, 0x00, 0x00, 0x00, 0x00, 0x3F,
        0xFC, 0x00, 0x00, 0x00, 0x00, 0x00, 0x00, 0x3F, 0xFC, 0x00, 0x00, 0x00,
        0x00, 0x00, 0x00, 0x00, 0x00, 0x00, 0x00, 0x00, 0x00, 0x00, 0x00, 0x00,
        0x00, 0x00, 0x00, 0x00, 0x00, 0x00, 0x00, 0x3F, 0xFC, 0x00, 0x00, 0x00,
        0x00, 0x00, 0x00, 0x3F, 0xFC, 0x00, 0x00, 0x00, 0x00, 0x00, 0x00, 0x3F,
        0xFC, 0x00, 0x00, 0x00, 0x00, 0x00, 0x00, 0x3F, 0xFC, 0x00, 0x00, 0x00,
        0x00, 0x00, 0x00, 0x3F, 0xFC, 0x00, 0x00, 0x00, 0x00, 0x00, 0x00, 0x00,
        0x00, 0x00, 0x00, 0x00, 0x00, 0x00, 0x00, 0x3F, 0xFC, 0x00, 0x00, 0x00,
        0x00, 0x00, 0x00, 0x3F, 0xFC, 0x00, 0x00, 0x00, 0x00, 0x00, 0x00, 0x3F,
        0xFC, 0x00, 0x00, 0x00, 0x00, 0x00, 0x00, 0x3F, 0xFC, 0x00, 0x00, 0x00,
        0x00, 0x00, 0x00, 0x3F, 0xFC, 0x00, 0x00, 0x00, 0x00, 0x00, 0x00, 0x00,
        0x00, 0x00, 0x00, 0x00, 0x00, 0x00, 0x00, 0x00, 0x00, 0x00, 0x00, 0x00,
        0x00, 0x00, 0x00, 0x00, 0x00, 0x00, 0x00, 0x00, 0x00, 0x00, 0x00, 0x00,
        0x00, 0x00, 0x00, 0x00, 0x00, 0x00, 0x00, 0x00, 0x00, 0x00, 0x00, 0x00,
        0x00, 0x00, 0x00, 0x00, 0x00, 0x00, 0x00, 0x00, 0x00, 0x00, 0x00, 0x00,
        0x00, 0x00, 0x00, 0x00, 0x00, 0x00, 0x00, 0x00, 0x00, 0x00, 0x00, 0x00,
        0x00, 0x00, 0x00, 0x00, 0x00, 0x00, 0x00, 0x00, 0x00, 0x00, 0x00, 0x00,
        0x00, 0x00, 0x00, 0x00, 0x00, 0x00, 0x00, 0x00, 0x00, 0x00, 0x00, 0x00,
        0x00, 0x00, 0x00, 0x00, 0x00, 0x00, 0x00, 0x00,
    ]
}

DESTINATION = {
    'w': 64, 'h': 76,
    'data': [
        0x00, 0x00, 0x00, 0x00, 0x00, 0x00, 0x00, 0x00, 0x00, 0x00, 0x00, 0x00,
        0x00, 0x00, 0x00, 0x00, 0x00, 0x00, 0x00, 0x00, 0x00, 0x00, 0x00, 0x00,
        0x00, 0x00, 0x00, 0x00, 0x00, 0x00, 0x00, 0x00, 0x00, 0x00, 0x00, 0x00,
        0x00, 0x00, 0x00, 0x00, 0x00, 0x00, 0x00, 0x00, 0x00, 0x00, 0x00, 0x00,
        0x00, 0x00, 0x00, 0x00, 0x00, 0x00, 0x00, 0x00, 0x00, 0x00, 0x00, 0x00,
        0x00, 0x00, 0x00, 0x00, 0x00, 0x00, 0x00, 0x3F, 0xF0, 0x00, 0x00, 0x00,
        0x00, 0x00, 0x00, 0xFF, 0xFC, 0x00, 0x00, 0x00, 0x00, 0x00, 0x03, 0xFF,
        0xFF, 0x00, 0x00, 0x00, 0x00, 0x00, 0x07, 0xFF, 0xFF, 0xC0, 0x00, 0x00,
        0x00, 0x00, 0x0F, 0xFF, 0xFF, 0xE0, 0x00, 0x00, 0x00, 0x00, 0x1F, 0xFF,
        0xFF, 0xF0, 0x00, 0x00, 0x00, 0x00, 0x3F, 0xFF, 0xFF, 0xF8, 0x00, 0x00,
        0x00, 0x00, 0x7F, 0xFF, 0xFF, 0xF8, 0x00, 0x00, 0x00, 0x00, 0x7F, 0xFF,
        0xFF, 0xFC, 0x00, 0x00, 0x00, 0x00, 0xFF, 0xFF, 0xFF, 0xFC, 0x00, 0x00,
        0x00, 0x00, 0xFF, 0xFF, 0xFF, 0xFE, 0x00, 0x00, 0x00, 0x01, 0xFF, 0xF8,
        0x7F, 0xFE, 0x00, 0x00, 0x00, 0x01, 0xFF, 0xF0, 0x1F, 0xFE, 0x00, 0x00,
        0x00, 0x01, 0xFF, 0xE0, 0x0F, 0xFF, 0x00, 0x00, 0x00, 0x01, 0xFF, 0xC0,
        0x0F, 0xFF, 0x00, 0x00, 0x00, 0x01, 0xFF, 0xC0, 0x0F, 0xFF, 0x00, 0x00,
        0x00, 0x01, 0xFF, 0xC0, 0x07, 0xFF, 0x00, 0x00, 0x00, 0x01, 0xFF, 0xC0,
        0x0F, 0xFF, 0x00, 0x00, 0x00, 0x01, 0xFF, 0xC0, 0x0F, 0xFF, 0x00, 0x00,
        0x00, 0x01, 0xFF, 0xE0, 0x0F, 0xFE, 0x00, 0x00, 0x00, 0x01, 0xFF, 0xF0,
        0x1F, 0xFE, 0x00, 0x00, 0x00, 0x01, 0xFF, 0xF8, 0x7F, 0xFE, 0x00, 0x00,
        0x00, 0x00, 0xFF, 0xFF, 0xFF, 0xFC, 0x00, 0x00, 0x00, 0x00, 0xFF, 0xFF,
        0xFF, 0xFC, 0x00, 0x00, 0x00, 0x00, 0x7F, 0xFF, 0xFF, 0xF8, 0x00, 0x00,
        0x00, 0x00, 0x7F, 0xFF, 0xFF, 0xF8, 0x00, 0x00, 0x00, 0x00, 0x3F, 0xFF,
        0xFF, 0xF0, 0x00, 0x00, 0x00, 0x00, 0x1F, 0xFF, 0xFF, 0xF0, 0x00, 0x00,
        0x00, 0x00, 0x1F, 0xFF, 0xFF, 0xE0, 0x00, 0x00, 0x00, 0x00, 0x0F, 0xFF,
        0xFF, 0xC0, 0x00, 0x00, 0x00, 0x00, 0x07, 0xFF, 0xFF, 0xC0, 0x00, 0x00,
        0x00, 0x00, 0x07, 0xFF, 0xFF, 0x80, 0x00, 0x00, 0x00, 0x00, 0x03, 0xFF,
        0xFF, 0x00, 0x00, 0x00, 0x00, 0x00, 0x01, 0xFF, 0xFE, 0x00, 0x00, 0x00,
        0x00, 0x00, 0x00, 0xFF, 0xFE, 0x00, 0x00, 0x00, 0x00, 0x00, 0x00, 0xFF,
        0xFC, 0x00, 0x00, 0x00, 0x00, 0x00, 0x00, 0x7F, 0xFC, 0x00, 0x00, 0x00,
        0x00, 0x00, 0x00, 0x7F, 0xF8, 0x00, 0x00, 0x00, 0x00, 0x00, 0x00, 0x3F,
        0xF8, 0x00, 0x00, 0x00, 0x00, 0x00, 0x00, 0x3F, 0xF0, 0x00, 0x00, 0x00,
        0x00, 0x00, 0x00, 0x3F, 0xF0, 0x00, 0x00, 0x00, 0x00, 0x00, 0x00, 0x1F,
        0xF0, 0x00, 0x00, 0x00, 0x00, 0x00, 0x00, 0x1F, 0xE0, 0x00, 0x00, 0x00,
        0x00, 0x00, 0x00, 0x0F, 0xE0, 0x00, 0x00, 0x00, 0x00, 0x00, 0x00, 0x0F,
        0xE0, 0x00, 0x00, 0x00, 0x00, 0x00, 0x00, 0x0F, 0xC0, 0x00, 0x00, 0x00,
        0x00, 0x00, 0x00, 0x0F, 0xC0, 0x00, 0x00, 0x00, 0x00, 0x00, 0x00, 0x07,
        0xC0, 0x00, 0x00, 0x00, 0x00, 0x00, 0x00, 0x07, 0x80, 0x00, 0x00, 0x00,
        0x00, 0x00, 0x00, 0x07, 0x80, 0x00, 0x00, 0x00, 0x00, 0x00, 0x00, 0x03,
        0x80, 0x00, 0x00, 0x00, 0x00, 0x00, 0x00, 0x03, 0x80, 0x00, 0x00, 0x00,
        0x00, 0x00, 0x00, 0x03, 0x80, 0x00, 0x00, 0x00, 0x00, 0x00, 0x00, 0x03,
        0x00, 0x00, 0x00, 0x00, 0x00, 0x00, 0x00, 0x03, 0x00, 0x00, 0x00, 0x00,
        0x00, 0x00, 0x00, 0x03, 0x00, 0x00, 0x00, 0x00, 0x00, 0x00, 0x00, 0x01,
        0x00, 0x00, 0x00, 0x00, 0x00, 0x00, 0x00, 0x00, 0x00, 0x00, 0x00, 0x00,
        0x00, 0x00, 0x00, 0x00, 0x00, 0x00, 0x00, 0x00, 0x00, 0x00, 0x00, 0x00,
        0x00, 0x00, 0x00, 0x00, 0x00, 0x00, 0x00, 0x00, 0x00, 0x00, 0x00, 0x00,
        0x00, 0x00, 0x00, 0x00, 0x00, 0x00, 0x00, 0x00, 0x00, 0x00, 0x00, 0x00,
        0x00, 0x00, 0x00, 0x00, 0x00, 0x00, 0x00, 0x00, 0x00, 0x00, 0x00, 0x00,
        0x00, 0x00, 0x00, 0x00, 0x00, 0x00, 0x00, 0x00, 0x00, 0x00, 0x00, 0x00,
        0x00, 0x00, 0x00, 0x00, 0x00, 0x00, 0x00, 0x00, 0x00, 0x00, 0x00, 0x00,
        0x00, 0x00, 0x00, 0x00, 0x00, 0x00, 0x00, 0x00,
    ]
}

DESTINATION_LEFT = {
    'w': 64, 'h': 76,
    'data': [
        0x00, 0x00, 0x00, 0x00, 0x00, 0x00, 0x00, 0x00, 0x00, 0x00, 0x00, 0x00,
        0x00, 0x00, 0x00, 0x00, 0x00, 0x00, 0x00, 0x00, 0x00, 0x00, 0x00, 0x00,
        0x00, 0x00, 0x00, 0x00, 0x00, 0x00, 0x00, 0x00, 0x00, 0x00, 0x00, 0x00,
        0x00, 0x00, 0x00, 0x00, 0x00, 0x00, 0x00, 0x00, 0x00, 0x00, 0x00, 0x00,
        0x00, 0x00, 0x00, 0x00, 0x00, 0x00, 0x00, 0x00, 0x00, 0x00, 0x00, 0x00,
        0x00, 0x00, 0x00, 0x00, 0x00, 0x00, 0x00, 0x00, 0x00, 0x00, 0x00, 0x00,
        0x00, 0x00, 0x00, 0x00, 0x00, 0x00, 0x00, 0x00, 0x00, 0x1F, 0xFC, 0x00,
        0x00, 0x00, 0x00, 0x00, 0x00, 0x7F, 0xFE, 0x00, 0x00, 0x00, 0x00, 0x00,
        0x01, 0xFF, 0xFF, 0x80, 0x00, 0x00, 0x00, 0x00, 0x03, 0xFF, 0xFF, 0xC0,
        0x00, 0x00, 0x00, 0x00, 0x07, 0xFF, 0xFF, 0xE0, 0x00, 0x00, 0x00, 0x00,
        0x07, 0xFF, 0xFF, 0xF0, 0x00, 0x00, 0x00, 0x00, 0x0F, 0xFF, 0xFF, 0xF0,
        0x00, 0x00, 0x00, 0x00, 0x1F, 0xFF, 0xFF, 0xF8, 0x00, 0x00, 0x00, 0x00,
        0x1F, 0xFF, 0xFF, 0xF8, 0x00, 0x00, 0x00, 0x00, 0x1F, 0xFF, 0xFF, 0xFC,
        0x00, 0x00, 0x00, 0x00, 0x3F, 0xF8, 0x1F, 0xFC, 0x00, 0x00, 0x00, 0x00,
        0x3F, 0xF0, 0x0F, 0xFC, 0x00, 0x00, 0x00, 0x00, 0x3F, 0xF0, 0x0F, 0xFC,
        0x00, 0x00, 0x00, 0x00, 0x3F, 0xF0, 0x07, 0xFC, 0x00, 0x00, 0x00, 0x00,
        0x3F, 0xF0, 0x07, 0xFC, 0x00, 0x00, 0x00, 0x00, 0x3F, 0xF0, 0x0F, 0xFC,
        0x00, 0x00, 0x00, 0x00, 0x3F, 0xF8, 0x0F, 0xFC, 0x00, 0x00, 0x00, 0x00,
        0x1F, 0xFC, 0x1F, 0xFC, 0x00, 0x00, 0x00, 0x00, 0x1F, 0xFF, 0xFF, 0xF8,
        0x00, 0x00, 0x00, 0x00, 0x1F, 0xFF, 0xFF, 0xF8, 0x00, 0x00, 0x00, 0x00,
        0x0F, 0xFF, 0xFF, 0xF8, 0x00, 0x00, 0x00, 0x00, 0x07, 0xFF, 0xFF, 0xF0,
        0x00, 0x00, 0x00, 0x00, 0x07, 0xFF, 0xFF, 0xE0, 0x00, 0x00, 0x00, 0x00,
        0x03, 0xFF, 0xFF, 0xE0, 0x00, 0x00, 0x00, 0x00, 0x01, 0xFF, 0xFF, 0xC0,
        0x00, 0x00, 0x00, 0x00, 0x01, 0xFF, 0xFF, 0x80, 0x00, 0x00, 0x00, 0x00,
        0x00, 0xFF, 0xFF, 0x80, 0x00, 0x00, 0x00, 0x00, 0x00, 0xFF, 0xFF, 0x00,
        0x00, 0x00, 0x00, 0x00, 0x00, 0x7F, 0xFE, 0x00, 0x00, 0x00, 0x00, 0x00,
        0x00, 0x3F, 0xFE, 0x00, 0x00, 0x00, 0x00, 0x00, 0x00, 0x3F, 0xFC, 0x00,
        0x00, 0x00, 0x00, 0x00, 0x00, 0x1F, 0xFC, 0x00, 0x7E, 0x7E, 0x00, 0x00,
        0x00, 0x1F, 0xF8, 0x00, 0xFE, 0x7E, 0x00, 0x00, 0x00, 0x0F, 0xF8, 0x00,
        0xFE, 0x7F, 0x00, 0x00, 0x00, 0x0F, 0xF0, 0x01, 0xFF, 0xFF, 0x80, 0x00,
        0x00, 0x07, 0xF0, 0x03, 0xFF, 0xFF, 0x80, 0x00, 0x00, 0x07, 0xE0, 0x03,
        0xFF, 0xFF, 0xC0, 0x00, 0x00, 0x07, 0xE0, 0x07, 0xFC, 0x3F, 0xC0, 0x00,
        0x00, 0x03, 0xE0, 0x07, 0xFC, 0x3F, 0xE0, 0x00, 0x00, 0x03, 0xE0, 0x0F,
        0xFC, 0x3F, 0xF0, 0x00, 0x00, 0x03, 0xC0, 0x1F, 0xFC, 0x3F, 0xF0, 0x00,
        0x00, 0x03, 0xC0, 0x1F, 0xFC, 0x3F, 0xF8, 0x00, 0x00, 0x01, 0xC0, 0x3F,
        0xFC, 0x3F, 0xFC, 0x00, 0x00, 0x01, 0xC0, 0x3F, 0xFC, 0x3F, 0xFC, 0x00,
        0x00, 0x01, 0x80, 0x7F, 0xFC, 0x3F, 0xFE, 0x00, 0x00, 0x01, 0x80, 0x7F,
        0xFF, 0xFF, 0xFE, 0x00, 0x00, 0x01, 0x80, 0xFF, 0xFF, 0xFF, 0xFF, 0x00,
        0x00, 0x00, 0x81, 0xFF, 0xFF, 0xFF, 0xFF, 0x80, 0x00, 0x00, 0x01, 0xFF,
        0xFF, 0xFF, 0xFF, 0x80, 0x00, 0x00, 0x03, 0xFF, 0xF8, 0x1F, 0xFF, 0xC0,
        0x00, 0x00, 0x03, 0xFF, 0xF8, 0x1F, 0xFF, 0xC0, 0x00, 0x00, 0x07, 0xFF,
        0xF8, 0x1F, 0xFF, 0xE0, 0x00, 0x00, 0x0F, 0xFF, 0xF8, 0x1F, 0xFF, 0xF0,
        0x00, 0x00, 0x0F, 0xFF, 0xF8, 0x1F, 0xFF, 0xF0, 0x00, 0x00, 0x1F, 0xFF,
        0xF8, 0x1F, 0xFF, 0xF8, 0x00, 0x00, 0x1F, 0xFF, 0xF8, 0x1F, 0xFF, 0xF8,
        0x00, 0x00, 0x00, 0x00, 0x00, 0x00, 0x00, 0x00, 0x00, 0x00, 0x00, 0x00,
        0x00, 0x00, 0x00, 0x00, 0x00, 0x00, 0x00, 0x00, 0x00, 0x00, 0x00, 0x00,
        0x00, 0x00, 0x00, 0x00, 0x00, 0x00, 0x00, 0x00, 0x00, 0x00, 0x00, 0x00,
        0x00, 0x00, 0x00, 0x00, 0x00, 0x00, 0x00, 0x00, 0x00, 0x00, 0x00, 0x00,
        0x00, 0x00, 0x00, 0x00, 0x00, 0x00, 0x00, 0x00, 0x00, 0x00, 0x00, 0x00,
        0x00, 0x00, 0x00, 0x00, 0x00, 0x00, 0x00, 0x00, 0x00, 0x00, 0x00, 0x00,
        0x00, 0x00, 0x00, 0x00, 0x00, 0x00, 0x00, 0x00,
    ]
}

DESTINATION_RIGHT = {
    'w': 64, 'h': 76,
    'data': [
        0x00, 0x00, 0x00, 0x00, 0x00, 0x00, 0x00, 0x00, 0x00, 0x00, 0x00, 0x00,
        0x00, 0x00, 0x00, 0x00, 0x00, 0x00, 0x00, 0x00, 0x00, 0x00, 0x00, 0x00,
        0x00, 0x00, 0x00, 0x00, 0x00, 0x00, 0x00, 0x00, 0x00, 0x00, 0x00, 0x00,
        0x00, 0x00, 0x00, 0x00, 0x00, 0x00, 0x00, 0x00, 0x00, 0x00, 0x00, 0x00,
        0x00, 0x00, 0x00, 0x00, 0x00, 0x00, 0x00, 0x00, 0x00, 0x00, 0x00, 0x00,
        0x00, 0x00, 0x00, 0x00, 0x00, 0x00, 0x00, 0x00, 0x00, 0x00, 0x00, 0x00,
        0x00, 0x00, 0x00, 0x00, 0x00, 0x00, 0x00, 0x00, 0x00, 0x00, 0x00, 0x00,
        0x00, 0x3F, 0xF8, 0x00, 0x00, 0x00, 0x00, 0x00, 0x00, 0x7F, 0xFE, 0x00,
        0x00, 0x00, 0x00, 0x00, 0x01, 0xFF, 0xFF, 0x80, 0x00, 0x00, 0x00, 0x00,
        0x03, 0xFF, 0xFF, 0xC0, 0x00, 0x00, 0x00, 0x00, 0x07, 0xFF, 0xFF, 0xE0,
        0x00, 0x00, 0x00, 0x00, 0x0F, 0xFF, 0xFF, 0xE0, 0x00, 0x00, 0x00, 0x00,
        0x0F, 0xFF, 0xFF, 0xF0, 0x00, 0x00, 0x00, 0x00, 0x1F, 0xFF, 0xFF, 0xF8,
        0x00, 0x00, 0x00, 0x00, 0x1F, 0xFF, 0xFF, 0xF8, 0x00, 0x00, 0x00, 0x00,
        0x3F, 0xFF, 0xFF, 0xF8, 0x00, 0x00, 0x00, 0x00, 0x3F, 0xF8, 0x1F, 0xFC,
        0x00, 0x00, 0x00, 0x00, 0x3F, 0xF0, 0x0F, 0xFC, 0x00, 0x00, 0x00, 0x00,
        0x3F, 0xF0, 0x0F, 0xFC, 0x00, 0x00, 0x00, 0x00, 0x3F, 0xE0, 0x0F, 0xFC,
        0x00, 0x00, 0x00, 0x00, 0x3F, 0xE0, 0x0F, 0xFC, 0x00, 0x00, 0x00, 0x00,
        0x3F, 0xF0, 0x0F, 0xFC, 0x00, 0x00, 0x00, 0x00, 0x3F, 0xF0, 0x1F, 0xFC,
        0x00, 0x00, 0x00, 0x00, 0x3F, 0xF8, 0x3F, 0xF8, 0x00, 0x00, 0x00, 0x00,
        0x1F, 0xFF, 0xFF, 0xF8, 0x00, 0x00, 0x00, 0x00, 0x1F, 0xFF, 0xFF, 0xF8,
        0x00, 0x00, 0x00, 0x00, 0x1F, 0xFF, 0xFF, 0xF0, 0x00, 0x00, 0x00, 0x00,
        0x0F, 0xFF, 0xFF, 0xE0, 0x00, 0x00, 0x00, 0x00, 0x07, 0xFF, 0xFF, 0xE0,
        0x00, 0x00, 0x00, 0x00, 0x07, 0xFF, 0xFF, 0xC0, 0x00, 0x00, 0x00, 0x00,
        0x03, 0xFF, 0xFF, 0x80, 0x00, 0x00, 0x00, 0x00, 0x01, 0xFF, 0xFF, 0x80,
        0x00, 0x00, 0x00, 0x00, 0x01, 0xFF, 0xFF, 0x00, 0x00, 0x00, 0x00, 0x00,
        0x00, 0xFF, 0xFF, 0x00, 0x00, 0x00, 0x00, 0x00, 0x00, 0x7F, 0xFE, 0x00,
        0x00, 0x00, 0x00, 0x00, 0x00, 0x7F, 0xFC, 0x00, 0x00, 0x00, 0x00, 0x00,
        0x00, 0x3F, 0xFC, 0x00, 0x00, 0x00, 0x7E, 0x7E, 0x00, 0x3F, 0xF8, 0x00,
        0x00, 0x00, 0x7E, 0x7F, 0x00, 0x1F, 0xF8, 0x00, 0x00, 0x00, 0xFE, 0x7F,
        0x00, 0x1F, 0xF0, 0x00, 0x00, 0x01, 0xFF, 0xFF, 0x80, 0x0F, 0xF0, 0x00,
        0x00, 0x01, 0xFF, 0xFF, 0xC0, 0x0F, 0xE0, 0x00, 0x00, 0x03, 0xFF, 0xFF,
        0xC0, 0x07, 0xE0, 0x00, 0x00, 0x03, 0xFC, 0x3F, 0xE0, 0x07, 0xE0, 0x00,
        0x00, 0x07, 0xFC, 0x3F, 0xE0, 0x07, 0xC0, 0x00, 0x00, 0x0F, 0xFC, 0x3F,
        0xF0, 0x07, 0xC0, 0x00, 0x00, 0x0F, 0xFC, 0x3F, 0xF8, 0x03, 0xC0, 0x00,
        0x00, 0x1F, 0xFC, 0x3F, 0xF8, 0x03, 0xC0, 0x00, 0x00, 0x3F, 0xFC, 0x3F,
        0xFC, 0x03, 0x80, 0x00, 0x00, 0x3F, 0xFC, 0x3F, 0xFC, 0x03, 0x80, 0x00,
        0x00, 0x7F, 0xFC, 0x3F, 0xFE, 0x01, 0x80, 0x00, 0x00, 0x7F, 0xFF, 0xFF,
        0xFE, 0x01, 0x80, 0x00, 0x00, 0xFF, 0xFF, 0xFF, 0xFF, 0x01, 0x80, 0x00,
        0x01, 0xFF, 0xFF, 0xFF, 0xFF, 0x81, 0x00, 0x00, 0x01, 0xFF, 0xFF, 0xFF,
        0xFF, 0x80, 0x00, 0x00, 0x03, 0xFF, 0xF8, 0x1F, 0xFF, 0xC0, 0x00, 0x00,
        0x03, 0xFF, 0xF8, 0x1F, 0xFF, 0xC0, 0x00, 0x00, 0x07, 0xFF, 0xF8, 0x1F,
        0xFF, 0xE0, 0x00, 0x00, 0x0F, 0xFF, 0xF8, 0x1F, 0xFF, 0xF0, 0x00, 0x00,
        0x0F, 0xFF, 0xF8, 0x1F, 0xFF, 0xF0, 0x00, 0x00, 0x1F, 0xFF, 0xF8, 0x1F,
        0xFF, 0xF8, 0x00, 0x00, 0x1F, 0xFF, 0xF8, 0x1F, 0xFF, 0xF8, 0x00, 0x00,
        0x00, 0x00, 0x00, 0x00, 0x00, 0x00, 0x00, 0x00, 0x00, 0x00, 0x00, 0x00,
        0x00, 0x00, 0x00, 0x00, 0x00, 0x00, 0x00, 0x00, 0x00, 0x00, 0x00, 0x00,
        0x00, 0x00, 0x00, 0x00, 0x00, 0x00, 0x00, 0x00, 0x00, 0x00, 0x00, 0x00,
        0x00, 0x00, 0x00, 0x00, 0x00, 0x00, 0x00, 0x00, 0x00, 0x00, 0x00, 0x00,
        0x00, 0x00, 0x00, 0x00, 0x00, 0x00, 0x00, 0x00, 0x00, 0x00, 0x00, 0x00,
        0x00, 0x00, 0x00, 0x00, 0x00, 0x00, 0x00, 0x00, 0x00, 0x00, 0x00, 0x00,
        0x00, 0x00, 0x00, 0x00, 0x00, 0x00, 0x00, 0x00,
    ]
}

FERRY_BOAT = {
    'w': 64, 'h': 76,
    'data': [
        0x00, 0x00, 0x00, 0x00, 0x00, 0x00, 0x00, 0x00, 0x00, 0x00, 0x00, 0x00,
        0x00, 0x00, 0x00, 0x00, 0x00, 0x00, 0x00, 0x00, 0x00, 0x00, 0x00, 0x00,
        0x00, 0x00, 0x03, 0xFF, 0xFF, 0x80, 0x00, 0x00, 0x00, 0x00, 0x03, 0xFF,
        0xFF, 0x80, 0x00, 0x00, 0x00, 0x00, 0x03, 0xFF, 0xFF, 0x80, 0x00, 0x00,
        0x00, 0x00, 0x03, 0xFF, 0xFF, 0x80, 0x00, 0x00, 0x00, 0x00, 0x03, 0xFF,
        0xFF, 0x80, 0x00, 0x00, 0x00, 0x00, 0x03, 0xFF, 0xFF, 0x80, 0x00, 0x00,
        0x00, 0x00, 0x03, 0xFF, 0xFF, 0x80, 0x00, 0x00, 0x00, 0x00, 0x03, 0xFF,
        0xFF, 0x80, 0x00, 0x00, 0x00, 0x00, 0x03, 0xFF, 0xFF, 0x80, 0x00, 0x00,
        0x00, 0x00, 0x03, 0xFF, 0xFF, 0x80, 0x00, 0x00, 0x00, 0x3F, 0xFF, 0xFF,
        0xFF, 0xFF, 0xFC, 0x00, 0x00, 0x7F, 0xFF, 0xFF, 0xFF, 0xFF, 0xFE, 0x00,
        0x00, 0xFF, 0xFF, 0xFF, 0xFF, 0xFF, 0xFF, 0x00, 0x01, 0xFF, 0xFF, 0xFF,
        0xFF, 0xFF, 0xFF, 0x80, 0x01, 0xFF, 0xFF, 0xFF, 0xFF, 0xFF, 0xFF, 0x80,
        0x01, 0xFF, 0xFF, 0xFF, 0xFF, 0xFF, 0xFF, 0x80, 0x01, 0xF8, 0x00, 0x00,
        0x00, 0x00, 0x1F, 0x80, 0x01, 0xF8, 0x00, 0x00, 0x00, 0x00, 0x1F, 0x80,
        0x01, 0xF8, 0x00, 0x00, 0x00, 0x00, 0x1F, 0x80, 0x01, 0xF8, 0x00, 0x00,
        0x00, 0x00, 0x1F, 0x80, 0x01, 0xF8, 0x00, 0x00, 0x00, 0x00, 0x1F, 0x80,
        0x01, 0xF8, 0x00, 0x00, 0x00, 0x00, 0x1F, 0x80, 0x01, 0xF8, 0x00, 0x01,
        0x80, 0x00, 0x1F, 0x80, 0x01, 0xF8, 0x00, 0x0F, 0xF0, 0x00, 0x1F, 0x80,
        0x01, 0xF8, 0x00, 0x7F, 0xFE, 0x00, 0x1F, 0x80, 0x01, 0xF8, 0x03, 0xFF,
        0xFF, 0xC0, 0x1F, 0x80, 0x01, 0xF8, 0x1F, 0xFF, 0xFF, 0xF8, 0x1F, 0x80,
        0x01, 0xF8, 0xFF, 0xFF, 0xFF, 0xFF, 0x1F, 0x80, 0x01, 0xFF, 0xFF, 0xFF,
        0xFF, 0xFF, 0xFF, 0x80, 0x01, 0xFF, 0xFF, 0xFF, 0xFF, 0xFF, 0xFF, 0x80,
        0x01, 0xFF, 0xFF, 0xFF, 0xFF, 0xFF, 0xFF, 0x80, 0x0F, 0xFF, 0xFF, 0xFF,
        0xFF, 0xFF, 0xFF, 0xF0, 0x3F, 0xFF, 0xFF, 0xFF, 0xFF, 0xFF, 0xFF, 0xFC,
        0x7F, 0xFF, 0xFF, 0xFF, 0xFF, 0xFF, 0xFF, 0xFE, 0xFF, 0xFF, 0xFF, 0xFF,
        0xFF, 0xFF, 0xFF, 0xFF, 0xFF, 0xFF, 0xFF, 0xFF, 0xFF, 0xFF, 0xFF, 0xFE,
        0x7F, 0xFF, 0xFF, 0xFF, 0xFF, 0xFF, 0xFF, 0xFE, 0x7F, 0xFF, 0xFF, 0xFF,
        0xFF, 0xFF, 0xFF, 0xFE, 0x7F, 0xFF, 0xFF, 0xFF, 0xFF, 0xFF, 0xFF, 0xFE,
        0x7F, 0xFF, 0xFF, 0xFF, 0xFF, 0xFF, 0xFF, 0xFC, 0x3F, 0xFF, 0xFF, 0xFF,
        0xFF, 0xFF, 0xFF, 0xFC, 0x3F, 0xFF, 0xFF, 0xFF, 0xFF, 0xFF, 0xFF, 0xFC,
        0x3F, 0xFF, 0xFF, 0xFF, 0xFF, 0xFF, 0xFF, 0xFC, 0x1F, 0xFF, 0xFF, 0xFF,
        0xFF, 0xFF, 0xFF, 0xF8, 0x1F, 0xFF, 0xFF, 0xFF, 0xFF, 0xFF, 0xFF, 0xF8,
        0x1F, 0xFF, 0xFF, 0xFF, 0xFF, 0xFF, 0xFF, 0xF8, 0x1F, 0xFF, 0xFF, 0xFF,
        0xFF, 0xFF, 0xFF, 0xF8, 0x0F, 0xFF, 0xFF, 0xFF, 0xFF, 0xFF, 0xFF, 0xF0,
        0x0F, 0xFF, 0xFF, 0xFF, 0xFF, 0xFF, 0xFF, 0xF0, 0x0F, 0xFF, 0xFF, 0xFF,
        0xFF, 0xFF, 0xFF, 0xF0, 0x07, 0xFF, 0xFF, 0xFF, 0xFF, 0xFF, 0xFF, 0xE0,
        0x07, 0xFF, 0xEF, 0xFF, 0xFF, 0xF7, 0xFF, 0xE0, 0x07, 0xFF, 0xC7, 0xFF,
        0xFF, 0xE3, 0xFF, 0xE0, 0x07, 0xFF, 0x83, 0xFF, 0xFF, 0xC1, 0xFF, 0xE0,
        0x03, 0xFE, 0x01, 0xFF, 0xFF, 0x00, 0x7F, 0xC0, 0x03, 0xF8, 0x00, 0x7F,
        0xFE, 0x00, 0x1F, 0xC0, 0x03, 0xE0, 0x00, 0x0F, 0xF0, 0x00, 0x07, 0xC0,
        0x00, 0x00, 0x00, 0x00, 0x00, 0x00, 0x00, 0x00, 0x00, 0x00, 0x00, 0x00,
        0x00, 0x00, 0x00, 0x00, 0x00, 0x00, 0x00, 0x00, 0x00, 0x00, 0x00, 0x00,
        0x00, 0x00, 0x78, 0x00, 0x00, 0x3E, 0x00, 0x00, 0x00, 0x01, 0xFF, 0x00,
        0x00, 0xFF, 0x80, 0x00, 0x00, 0x0F, 0xFF, 0xE0, 0x07, 0xFF, 0xF0, 0x00,
        0xFF, 0xFF, 0xFF, 0xFF, 0xFF, 0xFF, 0xFF, 0xFF, 0xFF, 0xFF, 0xFF, 0xFF,
        0xFF, 0xFF, 0xFF, 0xFF, 0xFF, 0xFF, 0xFF, 0xFF, 0xFF, 0xFF, 0xFF, 0xFF,
        0xFF, 0xFF, 0xFF, 0xFF, 0xFF, 0xFF, 0xFF, 0xFF, 0xFF, 0xFF, 0xC7, 0xFF,
        0xFF, 0xE3, 0xFF, 0xFF, 0xFF, 0xFE, 0x00, 0xFF, 0xFF, 0x00, 0x7F, 0xFF,
        0xFF, 0xE0, 0x00, 0x0F, 0xF0, 0x00, 0x07, 0xFF, 0x00, 0x00, 0x00, 0x00,
        0x00, 0x00, 0x00, 0x00, 0x00, 0x00, 0x00, 0x00, 0x00, 0x00, 0x00, 0x00,
        0x00, 0x00, 0x00, 0x00, 0x00, 0x00, 0x00, 0x00,
    ]
}

FERRY_TRAIN = {
    'w': 64, 'h': 76,
    'data': [
        0x00, 0x00, 0x00, 0x00, 0x00, 0x00, 0x00, 0x00, 0x00, 0x00, 0x00, 0x00,
        0x00, 0x00, 0x00, 0x00, 0x00, 0x00, 0x00, 0x00, 0x00, 0x00, 0x00, 0x00,
        0x00, 0x00, 0x00, 0x00, 0x00, 0x00, 0x00, 0x00, 0x00, 0x00, 0x3F, 0xFF,
        0xFF, 0xFC, 0x00, 0x00, 0x00, 0x00, 0xFF, 0xFF, 0xFF, 0xFF, 0x00, 0x00,
        0x00, 0x01, 0xFF, 0xFF, 0xFF, 0xFF, 0x80, 0x00, 0x00, 0x01, 0xFF, 0xFF,
        0xFF, 0xFF, 0x80, 0x00, 0x00, 0x03, 0xFF, 0xFF, 0xFF, 0xFF, 0xC0, 0x00,
        0x00, 0x03, 0xFF, 0xE0, 0x03, 0xFF, 0xC0, 0x00, 0x00, 0x07, 0xC0, 0x00,
        0x00, 0x07, 0xE0, 0x00, 0x00, 0x07, 0xC0, 0x00, 0x00, 0x03, 0xE0, 0x00,
        0x00, 0x07, 0xC0, 0x00, 0x00, 0x03, 0xE0, 0x00, 0x00, 0x0F, 0x80, 0x00,
        0x00, 0x03, 0xF0, 0x00, 0x00, 0x0F, 0x80, 0x00, 0x00, 0x01, 0xF0, 0x00,
        0x00, 0x0F, 0x80, 0x00, 0x00, 0x01, 0xF0, 0x00, 0x00, 0x1F, 0x00, 0x00,
        0x00, 0x01, 0xF0, 0x00, 0x00, 0x1F, 0x00, 0x00, 0x00, 0x01, 0xF8, 0x00,
        0x00, 0x3F, 0x00, 0x00, 0x00, 0x00, 0xF8, 0x00, 0x00, 0x7F, 0xFF, 0xFF,
        0xFF, 0xFF, 0xFC, 0x00, 0x00, 0xFF, 0xFF, 0xFF, 0xFF, 0xFF, 0xFF, 0x00,
        0x01, 0xFF, 0xFF, 0xFF, 0xFF, 0xFF, 0xFF, 0x80, 0x03, 0xFF, 0xFF, 0xFF,
        0xFF, 0xFF, 0xFF, 0x80, 0x03, 0xF8, 0x7F, 0xFF, 0xFF, 0xFC, 0x3F, 0xC0,
        0x03, 0xF0, 0x1F, 0xFF, 0xFF, 0xF8, 0x0F, 0xC0, 0x03, 0xE0, 0x1F, 0xFF,
        0xFF, 0xF0, 0x0F, 0xC0, 0x03, 0xE0, 0x0F, 0xFF, 0xFF, 0xF0, 0x07, 0xC0,
        0x03, 0xE0, 0x0F, 0xFF, 0xFF, 0xF0, 0x07, 0xC0, 0x03, 0xE0, 0x0F, 0xFF,
        0xFF, 0xF0, 0x07, 0xC0, 0x03, 0xE0, 0x1F, 0xFF, 0xFF, 0xF0, 0x0F, 0xC0,
        0x03, 0xF0, 0x1F, 0xFF, 0xFF, 0xF8, 0x0F, 0xC0, 0x03, 0xF8, 0x3F, 0xFF,
        0xFF, 0xFC, 0x1F, 0xC0, 0x03, 0xFF, 0xFF, 0xFF, 0xFF, 0xFF, 0xFF, 0xC0,
        0x03, 0xFF, 0xFF, 0xFF, 0xFF, 0xFF, 0xFF, 0xC0, 0x03, 0xFF, 0xFF, 0xFF,
        0xFF, 0xFF, 0xFF, 0xC0, 0x03, 0xFF, 0xFF, 0xFF, 0xFF, 0xFF, 0xFF, 0xC0,
        0x07, 0xFF, 0xFF, 0xFF, 0xFF, 0xFF, 0xFF, 0xC0, 0x07, 0xFF, 0xFF, 0xFF,
        0xFF, 0xFF, 0xFF, 0xC0, 0x07, 0xFF, 0xFF, 0xFF, 0xFF, 0xFF, 0xFF, 0xC0,
        0x07, 0xFF, 0xFF, 0xFF, 0xFF, 0xFF, 0xFF, 0xC0, 0x00, 0x1F, 0xE0, 0x00,
        0x00, 0x07, 0xF8, 0x00, 0x00, 0x1F, 0xE0, 0x00, 0x00, 0x07, 0xF8, 0x00,
        0xFC, 0x1F, 0xE0, 0x00, 0x00, 0x07, 0xF8, 0x3F, 0xFC, 0x1F, 0xE0, 0x00,
        0x00, 0x07, 0xF8, 0x3F, 0xFC, 0x1F, 0xE0, 0x00, 0x00, 0x07, 0xF8, 0x3F,
        0xFC, 0x1F, 0xC0, 0x00, 0x00, 0x07, 0xF0, 0x3F, 0xFC, 0x07, 0x80, 0x00,
        0x00, 0x01, 0xE0, 0x3F, 0xFC, 0x00, 0x00, 0x00, 0x00, 0x00, 0x00, 0x3F,
        0xFC, 0x00, 0x00, 0x00, 0x00, 0x00, 0x00, 0x3F, 0xFF, 0xFF, 0xFF, 0xFF,
        0xFF, 0xFF, 0xFF, 0xFF, 0xFF, 0xFF, 0xFF, 0xFF, 0xFF, 0xFF, 0xFF, 0xFF,
        0xFF, 0xFF, 0xFF, 0xFF, 0xFF, 0xFF, 0xFF, 0xFF, 0xFF, 0xFF, 0xFF, 0xFF,
        0xFF, 0xFF, 0xFF, 0xFF, 0xFF, 0xFF, 0xFF, 0xFF, 0xFF, 0xFF, 0xFF, 0xFF,
        0xFF, 0xFF, 0xFF, 0xFF, 0xFF, 0xFF, 0xFF, 0xFF, 0xFF, 0xFF, 0xFF, 0xFF,
        0xFF, 0xFF, 0xFF, 0xFF, 0xFF, 0xFF, 0xFF, 0xFF, 0xFF, 0xFF, 0xFF, 0xFF,
        0x00, 0x07, 0xFF, 0xFF, 0xFF, 0xFF, 0xE0, 0x00, 0x00, 0x0F, 0xFF, 0xFF,
        0xFF, 0xFF, 0xE0, 0x00, 0x00, 0x1F, 0xFF, 0xFF, 0xFF, 0xFF, 0xF0, 0x00,
        0x00, 0x1F, 0xFF, 0xFF, 0xFF, 0xFF, 0xF8, 0x00, 0x00, 0x3F, 0xFF, 0xFF,
        0xFF, 0xFF, 0xFC, 0x00, 0x00, 0x7F, 0xC0, 0x00, 0x00, 0x03, 0xFE, 0x00,
        0x00, 0xFF, 0x80, 0x00, 0x00, 0x03, 0xFE, 0x00, 0x01, 0xFF, 0x00, 0x00,
        0x00, 0x01, 0xFF, 0x00, 0x01, 0xFE, 0x00, 0x00, 0x00, 0x00, 0xFF, 0x80,
        0x03, 0xFC, 0x00, 0x00, 0x00, 0x00, 0x7F, 0xC0, 0x07, 0xF8, 0x00, 0x00,
        0x00, 0x00, 0x3F, 0xC0, 0x03, 0xF8, 0x00, 0x00, 0x00, 0x00, 0x1F, 0xC0,
        0x01, 0xF0, 0x00, 0x00, 0x00, 0x00, 0x0F, 0x80, 0x01, 0xE0, 0x00, 0x00,
        0x00, 0x00, 0x07, 0x00, 0x00, 0xC0, 0x00, 0x00, 0x00, 0x00, 0x02, 0x00,
        0x00, 0x00, 0x00, 0x00, 0x00, 0x00, 0x00, 0x00, 0x00, 0x00, 0x00, 0x00,
        0x00, 0x00, 0x00, 0x00, 0x00, 0x00, 0x00, 0x00, 0x00, 0x00, 0x00, 0x00,
        0x00, 0x00, 0x00, 0x00, 0x00, 0x00, 0x00, 0x00,
    ]
}

FORK_LEFT = {
    'w': 64, 'h': 76,
    'data': [
        0x00, 0x00, 0x00, 0x00, 0x00, 0x00, 0x00, 0x00, 0x00, 0x00, 0x00, 0x00,
        0x00, 0x00, 0x00, 0x00, 0x00, 0x00, 0x00, 0x00, 0x00, 0x00, 0x00, 0x00,
        0x00, 0x00, 0x00, 0x00, 0x00, 0x00, 0x00, 0x00, 0x00, 0x00, 0x00, 0x00,
        0x00, 0x00, 0x00, 0x00, 0x00, 0x00, 0x00, 0x00, 0x00, 0x00, 0x00, 0x00,
        0x00, 0x08, 0x00, 0x00, 0x00, 0x00, 0x00, 0x00, 0x00, 0x0F, 0x80, 0x00,
        0x00, 0x00, 0x00, 0x00, 0x00, 0x0F, 0xF0, 0x00, 0x00, 0x00, 0x00, 0x00,
        0x00, 0x0F, 0xFC, 0x00, 0x00, 0x00, 0x00, 0x00, 0x00, 0x0F, 0xFF, 0x80,
        0x00, 0x00, 0x00, 0x00, 0x00, 0x0F, 0xFF, 0xF0, 0x00, 0x00, 0x00, 0x00,
        0x00, 0x0F, 0xFF, 0xFE, 0x00, 0x00, 0x00, 0x00, 0x00, 0x0F, 0xFF, 0xFF,
        0xC0, 0x00, 0x00, 0x00, 0x00, 0x0F, 0xFF, 0xFF, 0xE0, 0x00, 0x00, 0x00,
        0x00, 0x0F, 0xFF, 0xFF, 0xF0, 0x00, 0x00, 0x00, 0x00, 0x0F, 0xFF, 0xFF,
        0xF0, 0x00, 0x00, 0x00, 0x00, 0x0F, 0xFF, 0xFF, 0xE0, 0x00, 0x00, 0x00,
        0x00, 0x0F, 0xFF, 0xFF, 0x80, 0x00, 0x00, 0x00, 0x00, 0x0F, 0xFF, 0xFE,
        0x00, 0x00, 0x00, 0x00, 0x00, 0x0F, 0xFF, 0xFC, 0x00, 0x00, 0x00, 0x00,
        0x00, 0x0F, 0xFF, 0xFC, 0x00, 0x10, 0x00, 0x00, 0x00, 0x0F, 0xFF, 0xFE,
        0x00, 0x2A, 0x00, 0x00, 0x00, 0x0F, 0xFF, 0xFE, 0x00, 0x55, 0x00, 0x00,
        0x00, 0x0F, 0xFF, 0xFF, 0x00, 0xAA, 0x80, 0x00, 0x00, 0x0F, 0xFF, 0xFF,
        0x80, 0x55, 0x40, 0x00, 0x00, 0x0F, 0xFF, 0xFF, 0x80, 0xAA, 0xA0, 0x00,
        0x00, 0x07, 0xE7, 0xFF, 0xC1, 0x55, 0x50, 0x00, 0x00, 0x07, 0xE7, 0xFF,
        0xC2, 0xAA, 0xA0, 0x00, 0x00, 0x07, 0xC3, 0xFF, 0xE1, 0x55, 0x40, 0x00,
        0x00, 0x07, 0x81, 0xFF, 0xE2, 0xAA, 0x80, 0x00, 0x00, 0x07, 0x01, 0xFF,
        0xE5, 0x55, 0x00, 0x00, 0x00, 0x00, 0x00, 0xFF, 0xFA, 0xAA, 0x80, 0x00,
        0x00, 0x00, 0x00, 0xFF, 0xF5, 0x55, 0x00, 0x00, 0x00, 0x00, 0x00, 0x7F,
        0xFA, 0xAA, 0x00, 0x00, 0x00, 0x00, 0x00, 0x7F, 0xFD, 0x54, 0x00, 0x00,
        0x00, 0x00, 0x00, 0x3F, 0xFA, 0xAA, 0x00, 0x00, 0x00, 0x00, 0x00, 0x3F,
        0xFD, 0x54, 0x00, 0x00, 0x00, 0x00, 0x00, 0x3F, 0xFE, 0xA8, 0x00, 0x00,
        0x00, 0x00, 0x00, 0x1F, 0xFD, 0x54, 0x00, 0x00, 0x00, 0x00, 0x00, 0x1F,
        0xFE, 0xA8, 0x00, 0x00, 0x00, 0x00, 0x00, 0x1F, 0xFF, 0x50, 0x00, 0x00,
        0x00, 0x00, 0x00, 0x0F, 0xFE, 0xA8, 0x00, 0x00, 0x00, 0x00, 0x00, 0x0F,
        0xFF, 0x50, 0x00, 0x00, 0x00, 0x00, 0x00, 0x0F, 0xFF, 0xA0, 0x00, 0x00,
        0x00, 0x00, 0x00, 0x0F, 0xFF, 0x50, 0x00, 0x00, 0x00, 0x00, 0x00, 0x0F,
        0xFF, 0xA0, 0x00, 0x00, 0x00, 0x00, 0x00, 0x07, 0xFF, 0x50, 0x00, 0x00,
        0x00, 0x00, 0x00, 0x07, 0xFF, 0xA0, 0x00, 0x00, 0x00, 0x00, 0x00, 0x07,
        0xFF, 0x40, 0x00, 0x00, 0x00, 0x00, 0x00, 0x07, 0xFF, 0xA0, 0x00, 0x00,
        0x00, 0x00, 0x00, 0x07, 0xFF, 0xC0, 0x00, 0x00, 0x00, 0x00, 0x00, 0x07,
        0xFF, 0xA0, 0x00, 0x00, 0x00, 0x00, 0x00, 0x03, 0xFF, 0xC0, 0x00, 0x00,
        0x00, 0x00, 0x00, 0x03, 0xFF, 0x80, 0x00, 0x00, 0x00, 0x00, 0x00, 0x03,
        0xFF, 0xC0, 0x00, 0x00, 0x00, 0x00, 0x00, 0x03, 0xFF, 0x80, 0x00, 0x00,
        0x00, 0x00, 0x00, 0x03, 0xFF, 0xC0, 0x00, 0x00, 0x00, 0x00, 0x00, 0x03,
        0xFF, 0x80, 0x00, 0x00, 0x00, 0x00, 0x00, 0x03, 0xFF, 0xC0, 0x00, 0x00,
        0x00, 0x00, 0x00, 0x03, 0xFF, 0xC0, 0x00, 0x00, 0x00, 0x00, 0x00, 0x03,
        0xFF, 0xC0, 0x00, 0x00, 0x00, 0x00, 0x00, 0x03, 0xFF, 0xC0, 0x00, 0x00,
        0x00, 0x00, 0x00, 0x03, 0xFF, 0xC0, 0x00, 0x00, 0x00, 0x00, 0x00, 0x03,
        0xFF, 0xC0, 0x00, 0x00, 0x00, 0x00, 0x00, 0x03, 0xFF, 0xC0, 0x00, 0x00,
        0x00, 0x00, 0x00, 0x03, 0xFF, 0xC0, 0x00, 0x00, 0x00, 0x00, 0x00, 0x03,
        0xFF, 0xC0, 0x00, 0x00, 0x00, 0x00, 0x00, 0x03, 0xFF, 0xC0, 0x00, 0x00,
        0x00, 0x00, 0x00, 0x03, 0xFF, 0xC0, 0x00, 0x00, 0x00, 0x00, 0x00, 0x03,
        0xFF, 0xC0, 0x00, 0x00, 0x00, 0x00, 0x00, 0x00, 0x00, 0x00, 0x00, 0x00,
        0x00, 0x00, 0x00, 0x00, 0x00, 0x00, 0x00, 0x00, 0x00, 0x00, 0x00, 0x00,
        0x00, 0x00, 0x00, 0x00, 0x00, 0x00, 0x00, 0x00, 0x00, 0x00, 0x00, 0x00,
        0x00, 0x00, 0x00, 0x00, 0x00, 0x00, 0x00, 0x00,
    ]
}

FORK_RIGHT = {
    'w': 64, 'h': 76,
    'data': [
        0x00, 0x00, 0x00, 0x00, 0x00, 0x00, 0x00, 0x00, 0x00, 0x00, 0x00, 0x00,
        0x00, 0x00, 0x00, 0x00, 0x00, 0x00, 0x00, 0x00, 0x00, 0x00, 0x00, 0x00,
        0x00, 0x00, 0x00, 0x00, 0x00, 0x00, 0x00, 0x00, 0x00, 0x00, 0x00, 0x00,
        0x00, 0x00, 0x00, 0x00, 0x00, 0x00, 0x00, 0x00, 0x00, 0x00, 0x00, 0x00,
        0x00, 0x00, 0x00, 0x00, 0x00, 0x00, 0x10, 0x00, 0x00, 0x00, 0x00, 0x00,
        0x00, 0x01, 0xF0, 0x00, 0x00, 0x00, 0x00, 0x00, 0x00, 0x0F, 0xF0, 0x00,
        0x00, 0x00, 0x00, 0x00, 0x00, 0x3F, 0xF0, 0x00, 0x00, 0x00, 0x00, 0x00,
        0x01, 0xFF, 0xF0, 0x00, 0x00, 0x00, 0x00, 0x00, 0x0F, 0xFF, 0xF0, 0x00,
        0x00, 0x00, 0x00, 0x00, 0x7F, 0xFF, 0xF0, 0x00, 0x00, 0x00, 0x00, 0x03,
        0xFF, 0xFF, 0xF0, 0x00, 0x00, 0x00, 0x00, 0x07, 0xFF, 0xFF, 0xF0, 0x00,
        0x00, 0x00, 0x00, 0x0F, 0xFF, 0xFF, 0xF0, 0x00, 0x00, 0x00, 0x00, 0x0F,
        0xFF, 0xFF, 0xF0, 0x00, 0x00, 0x00, 0x00, 0x07, 0xFF, 0xFF, 0xF0, 0x00,
        0x00, 0x00, 0x00, 0x01, 0xFF, 0xFF, 0xF0, 0x00, 0x00, 0x00, 0x00, 0x00,
        0x7F, 0xFF, 0xF0, 0x00, 0x00, 0x00, 0x00, 0x00, 0x3F, 0xFF, 0xF0, 0x00,
        0x00, 0x00, 0x08, 0x00, 0x3F, 0xFF, 0xF0, 0x00, 0x00, 0x00, 0x54, 0x00,
        0x7F, 0xFF, 0xF0, 0x00, 0x00, 0x00, 0xAA, 0x00, 0x7F, 0xFF, 0xF0, 0x00,
        0x00, 0x01, 0x55, 0x00, 0xFF, 0xFF, 0xF0, 0x00, 0x00, 0x02, 0xAA, 0x01,
        0xFF, 0xFF, 0xF0, 0x00, 0x00, 0x05, 0x55, 0x01, 0xFF, 0xFF, 0xF0, 0x00,
        0x00, 0x0A, 0xAA, 0x83, 0xFF, 0xE7, 0xE0, 0x00, 0x00, 0x05, 0x55, 0x43,
        0xFF, 0xE7, 0xE0, 0x00, 0x00, 0x02, 0xAA, 0x87, 0xFF, 0xC3, 0xE0, 0x00,
        0x00, 0x01, 0x55, 0x47, 0xFF, 0x81, 0xE0, 0x00, 0x00, 0x00, 0xAA, 0xA7,
        0xFF, 0x80, 0xE0, 0x00, 0x00, 0x01, 0x55, 0x5F, 0xFF, 0x00, 0x00, 0x00,
        0x00, 0x00, 0xAA, 0xAF, 0xFF, 0x00, 0x00, 0x00, 0x00, 0x00, 0x55, 0x5F,
        0xFE, 0x00, 0x00, 0x00, 0x00, 0x00, 0x2A, 0xBF, 0xFE, 0x00, 0x00, 0x00,
        0x00, 0x00, 0x55, 0x5F, 0xFC, 0x00, 0x00, 0x00, 0x00, 0x00, 0x2A, 0xBF,
        0xFC, 0x00, 0x00, 0x00, 0x00, 0x00, 0x15, 0x7F, 0xFC, 0x00, 0x00, 0x00,
        0x00, 0x00, 0x2A, 0xBF, 0xF8, 0x00, 0x00, 0x00, 0x00, 0x00, 0x15, 0x7F,
        0xF8, 0x00, 0x00, 0x00, 0x00, 0x00, 0x0A, 0xFF, 0xF8, 0x00, 0x00, 0x00,
        0x00, 0x00, 0x15, 0x7F, 0xF0, 0x00, 0x00, 0x00, 0x00, 0x00, 0x0A, 0xFF,
        0xF0, 0x00, 0x00, 0x00, 0x00, 0x00, 0x05, 0xFF, 0xF0, 0x00, 0x00, 0x00,
        0x00, 0x00, 0x0A, 0xFF, 0xF0, 0x00, 0x00, 0x00, 0x00, 0x00, 0x05, 0xFF,
        0xF0, 0x00, 0x00, 0x00, 0x00, 0x00, 0x0A, 0xFF, 0xE0, 0x00, 0x00, 0x00,
        0x00, 0x00, 0x05, 0xFF, 0xE0, 0x00, 0x00, 0x00, 0x00, 0x00, 0x02, 0xFF,
        0xE0, 0x00, 0x00, 0x00, 0x00, 0x00, 0x05, 0xFF, 0xE0, 0x00, 0x00, 0x00,
        0x00, 0x00, 0x03, 0xFF, 0xE0, 0x00, 0x00, 0x00, 0x00, 0x00, 0x05, 0xFF,
        0xE0, 0x00, 0x00, 0x00, 0x00, 0x00, 0x03, 0xFF, 0xC0, 0x00, 0x00, 0x00,
        0x00, 0x00, 0x01, 0xFF, 0xC0, 0x00, 0x00, 0x00, 0x00, 0x00, 0x03, 0xFF,
        0xC0, 0x00, 0x00, 0x00, 0x00, 0x00, 0x01, 0xFF, 0xC0, 0x00, 0x00, 0x00,
        0x00, 0x00, 0x03, 0xFF, 0xC0, 0x00, 0x00, 0x00, 0x00, 0x00, 0x01, 0xFF,
        0xC0, 0x00, 0x00, 0x00, 0x00, 0x00, 0x03, 0xFF, 0xC0, 0x00, 0x00, 0x00,
        0x00, 0x00, 0x03, 0xFF, 0xC0, 0x00, 0x00, 0x00, 0x00, 0x00, 0x03, 0xFF,
        0xC0, 0x00, 0x00, 0x00, 0x00, 0x00, 0x03, 0xFF, 0xC0, 0x00, 0x00, 0x00,
        0x00, 0x00, 0x03, 0xFF, 0xC0, 0x00, 0x00, 0x00, 0x00, 0x00, 0x03, 0xFF,
        0xC0, 0x00, 0x00, 0x00, 0x00, 0x00, 0x03, 0xFF, 0xC0, 0x00, 0x00, 0x00,
        0x00, 0x00, 0x03, 0xFF, 0xC0, 0x00, 0x00, 0x00, 0x00, 0x00, 0x03, 0xFF,
        0xC0, 0x00, 0x00, 0x00, 0x00, 0x00, 0x03, 0xFF, 0xC0, 0x00, 0x00, 0x00,
        0x00, 0x00, 0x03, 0xFF, 0xC0, 0x00, 0x00, 0x00, 0x00, 0x00, 0x03, 0xFF,
        0xC0, 0x00, 0x00, 0x00, 0x00, 0x00, 0x00, 0x00, 0x00, 0x00, 0x00, 0x00,
        0x00, 0x00, 0x00, 0x00, 0x00, 0x00, 0x00, 0x00, 0x00, 0x00, 0x00, 0x00,
        0x00, 0x00, 0x00, 0x00, 0x00, 0x00, 0x00, 0x00, 0x00, 0x00, 0x00, 0x00,
        0x00, 0x00, 0x00, 0x00, 0x00, 0x00, 0x00, 0x00,
    ]
}

MERGE = {
    'w': 64, 'h': 76,
    'data': [
        0x00, 0x00, 0x00, 0x00, 0x00, 0x00, 0x00, 0x00, 0x00, 0x00, 0x00, 0x00,
        0x00, 0x00, 0x00, 0x00, 0x00, 0x00, 0x00, 0x00, 0x00, 0x00, 0x00, 0x00,
        0x00, 0x00, 0x00, 0x00, 0x00, 0x00, 0x00, 0x00, 0x00, 0x00, 0x00, 0x00,
        0x00, 0x00, 0x00, 0x00, 0x00, 0x00, 0x00, 0x02, 0x00, 0x00, 0x00, 0x00,
        0x00, 0x00, 0x00, 0x07, 0x00, 0x00, 0x00, 0x00, 0x00, 0x00, 0x00, 0x0F,
        0x80, 0x00, 0x00, 0x00, 0x00, 0x00, 0x00, 0x0F, 0x80, 0x00, 0x00, 0x00,
        0x00, 0x00, 0x00, 0x1F, 0xC0, 0x00, 0x00, 0x00, 0x00, 0x00, 0x00, 0x3F,
        0xE0, 0x00, 0x00, 0x00, 0x00, 0x00, 0x00, 0x3F, 0xF0, 0x00, 0x00, 0x00,
        0x00, 0x00, 0x00, 0x7F, 0xF0, 0x00, 0x00, 0x00, 0x00, 0x00, 0x00, 0xFF,
        0xF8, 0x00, 0x00, 0x00, 0x00, 0x00, 0x00, 0xFF, 0xFC, 0x00, 0x00, 0x00,
        0x00, 0x00, 0x01, 0xFF, 0xFC, 0x00, 0x00, 0x00, 0x00, 0x00, 0x03, 0xFF,
        0xFE, 0x00, 0x00, 0x00, 0x00, 0x00, 0x07, 0xFF, 0xFF, 0x00, 0x00, 0x00,
        0x00, 0x00, 0x07, 0xFF, 0xFF, 0x00, 0x00, 0x00, 0x00, 0x00, 0x0F, 0xFF,
        0xFF, 0x80, 0x00, 0x00, 0x00, 0x00, 0x1F, 0xFF, 0xFF, 0xC0, 0x00, 0x00,
        0x00, 0x00, 0x1F, 0xFF, 0xFF, 0xC0, 0x00, 0x00, 0x00, 0x00, 0x3F, 0xFF,
        0xFF, 0xE0, 0x00, 0x00, 0x00, 0x00, 0x3F, 0xFF, 0xFF, 0xF0, 0x00, 0x00,
        0x00, 0x00, 0x7F, 0xFF, 0xFF, 0xF0, 0x00, 0x00, 0x00, 0x00, 0x7F, 0xFF,
        0xFF, 0xF0, 0x00, 0x00, 0x00, 0x00, 0x7E, 0x7F, 0xF3, 0xF0, 0x00, 0x00,
        0x00, 0x00, 0x30, 0x7F, 0xF0, 0x60, 0x00, 0x00, 0x00, 0x00, 0x00, 0x7F,
        0xF0, 0x00, 0x00, 0x00, 0x00, 0x00, 0x00, 0x7F, 0xF8, 0x00, 0x00, 0x00,
        0x00, 0x00, 0x00, 0x7F, 0xF8, 0x00, 0x00, 0x00, 0x00, 0x00, 0x00, 0xFF,
        0xF8, 0x00, 0x00, 0x00, 0x00, 0x00, 0x00, 0xFF, 0xF8, 0x00, 0x00, 0x00,
        0x00, 0x00, 0x00, 0xFF, 0xF8, 0x00, 0x00, 0x00, 0x00, 0x00, 0x00, 0xFF,
        0xFC, 0x00, 0x00, 0x00, 0x00, 0x00, 0x01, 0xFF, 0xFC, 0x00, 0x00, 0x00,
        0x00, 0x00, 0x01, 0xFF, 0xFC, 0x00, 0x00, 0x00, 0x00, 0x00, 0x03, 0xFF,
        0xFE, 0x00, 0x00, 0x00, 0x00, 0x00, 0x03, 0xFF, 0xFE, 0x00, 0x00, 0x00,
        0x00, 0x00, 0x07, 0xFF, 0xFF, 0x00, 0x00, 0x00, 0x00, 0x00, 0x07, 0xFF,
        0xFF, 0x80, 0x00, 0x00, 0x00, 0x00, 0x0F, 0xFF, 0xFF, 0x80, 0x00, 0x00,
        0x00, 0x00, 0x1F, 0xFF, 0xFF, 0xC0, 0x00, 0x00, 0x00, 0x00, 0x1F, 0xFF,
        0xFF, 0xC0, 0x00, 0x00, 0x00, 0x00, 0x3F, 0xFF, 0xFF, 0xE0, 0x00, 0x00,
        0x00, 0x00, 0x7F, 0xFF, 0xFF, 0xF0, 0x00, 0x00, 0x00, 0x00, 0x7F, 0xFD,
        0xFF, 0xF0, 0x00, 0x00, 0x00, 0x00, 0xFF, 0xF8, 0xFF, 0xF8, 0x00, 0x00,
        0x00, 0x00, 0xFF, 0xF8, 0xFF, 0xF8, 0x00, 0x00, 0x00, 0x01, 0xFF, 0xF0,
        0x7F, 0xFC, 0x00, 0x00, 0x00, 0x01, 0xFF, 0xF0, 0x3F, 0xFC, 0x00, 0x00,
        0x00, 0x03, 0xFF, 0xE0, 0x3F, 0xFE, 0x00, 0x00, 0x00, 0x03, 0xFF, 0xC0,
        0x1F, 0xFE, 0x00, 0x00, 0x00, 0x07, 0xFF, 0xC0, 0x1F, 0xFF, 0x00, 0x00,
        0x00, 0x07, 0xFF, 0x80, 0x0F, 0xFF, 0x00, 0x00, 0x00, 0x07, 0xFF, 0x80,
        0x0F, 0xFF, 0x00, 0x00, 0x00, 0x0F, 0xFF, 0x00, 0x07, 0xFF, 0x80, 0x00,
        0x00, 0x0F, 0xFF, 0x00, 0x07, 0xFF, 0x80, 0x00, 0x00, 0x0F, 0xFF, 0x00,
        0x03, 0xFF, 0x80, 0x00, 0x00, 0x0F, 0xFE, 0x00, 0x03, 0xFF, 0x80, 0x00,
        0x00, 0x0F, 0xFE, 0x00, 0x03, 0xFF, 0xC0, 0x00, 0x00, 0x0F, 0xFE, 0x00,
        0x03, 0xFF, 0xC0, 0x00, 0x00, 0x0F, 0xFE, 0x00, 0x03, 0xFF, 0xC0, 0x00,
        0x00, 0x0F, 0xFE, 0x00, 0x03, 0xFF, 0xC0, 0x00, 0x00, 0x1F, 0xFE, 0x00,
        0x01, 0xFF, 0xC0, 0x00, 0x00, 0x1F, 0xFE, 0x00, 0x01, 0xFF, 0xC0, 0x00,
        0x00, 0x1F, 0xFE, 0x00, 0x01, 0xFF, 0xC0, 0x00, 0x00, 0x1F, 0xFC, 0x00,
        0x01, 0xFF, 0xC0, 0x00, 0x00, 0x00, 0x00, 0x00, 0x00, 0x00, 0x00, 0x00,
        0x00, 0x00, 0x00, 0x00, 0x00, 0x00, 0x00, 0x00, 0x00, 0x00, 0x00, 0x00,
        0x00, 0x00, 0x00, 0x00, 0x00, 0x00, 0x00, 0x00, 0x00, 0x00, 0x00, 0x00,
        0x00, 0x00, 0x00, 0x00, 0x00, 0x00, 0x00, 0x00, 0x00, 0x00, 0x00, 0x00,
        0x00, 0x00, 0x00, 0x00, 0x00, 0x00, 0x00, 0x00, 0x00, 0x00, 0x00, 0x00,
        0x00, 0x00, 0x00, 0x00, 0x00, 0x00, 0x00, 0x00,
    ]
}

MERGE_LEFT = {
    'w': 64, 'h': 76,
    'data': [
        0x00, 0x00, 0x00, 0x00, 0x00, 0x00, 0x00, 0x00, 0x00, 0x00, 0x00, 0x00,
        0x00, 0x00, 0x00, 0x00, 0x00, 0x00, 0x00, 0x00, 0x00, 0x00, 0x00, 0x00,
        0x00, 0x00, 0x00, 0x00, 0x00, 0x00, 0x00, 0x00, 0x00, 0x00, 0x00, 0x00,
        0x00, 0x00, 0x00, 0x00, 0x00, 0x00, 0x00, 0x00, 0x00, 0x00, 0x00, 0x00,
        0x00, 0x00, 0x00, 0x00, 0x00, 0x00, 0x00, 0x00, 0x00, 0x00, 0x00, 0x00,
        0x00, 0x00, 0x00, 0x00, 0x00, 0x00, 0x00, 0x00, 0x00, 0x00, 0x00, 0x00,
        0x00, 0x00, 0x00, 0x02, 0x00, 0x00, 0x00, 0x00, 0x00, 0x00, 0x00, 0x1F,
        0x00, 0x00, 0xAA, 0xA0, 0x00, 0x00, 0x00, 0x7F, 0x80, 0x01, 0x55, 0x40,
        0x00, 0x00, 0x03, 0xFF, 0x80, 0x00, 0xAA, 0xA0, 0x00, 0x00, 0x1F, 0xFF,
        0x00, 0x01, 0x55, 0x40, 0x00, 0x00, 0xFF, 0xFF, 0x00, 0x00, 0xAA, 0xA0,
        0x00, 0x07, 0xFF, 0xFE, 0x00, 0x01, 0x55, 0x40, 0x00, 0x1F, 0xFF, 0xFC,
        0x00, 0x00, 0xAA, 0xA0, 0x00, 0xFF, 0xFF, 0xFC, 0x00, 0x01, 0x55, 0x40,
        0x00, 0xFF, 0xFF, 0xFE, 0x00, 0x00, 0xAA, 0xA0, 0x00, 0x7F, 0xFF, 0xFF,
        0xC0, 0x01, 0x55, 0x40, 0x00, 0x3F, 0xFF, 0xFF, 0xF8, 0x00, 0xAA, 0xA0,
        0x00, 0x3F, 0xFF, 0xFF, 0xFE, 0x01, 0x55, 0x40, 0x00, 0x1F, 0xFF, 0xFF,
        0xFF, 0x00, 0xAA, 0xA0, 0x00, 0x0F, 0xFF, 0xFF, 0xFF, 0xC1, 0x55, 0x40,
        0x00, 0x07, 0xFF, 0xFF, 0xFF, 0xF0, 0xAA, 0xA0, 0x00, 0x03, 0xFF, 0xFF,
        0xFF, 0xF9, 0x55, 0x40, 0x00, 0x01, 0xFF, 0xFF, 0xFF, 0xFC, 0xAA, 0xA0,
        0x00, 0x01, 0xFF, 0xFF, 0xFF, 0xFF, 0x55, 0x40, 0x00, 0x00, 0xFF, 0xFF,
        0xFF, 0xFF, 0xAA, 0xA0, 0x00, 0x00, 0x7F, 0xE7, 0xFF, 0xFF, 0xD5, 0x40,
        0x00, 0x00, 0x3F, 0xE1, 0xFF, 0xFF, 0xEA, 0xA0, 0x00, 0x00, 0x1F, 0xE0,
        0x7F, 0xFF, 0xF5, 0x40, 0x00, 0x00, 0x0F, 0xE0, 0x1F, 0xFF, 0xEA, 0xA0,
        0x00, 0x00, 0x07, 0xE0, 0x07, 0xFF, 0xF5, 0x40, 0x00, 0x00, 0x07, 0xE0,
        0x03, 0xFF, 0xFA, 0xA0, 0x00, 0x00, 0x03, 0xC0, 0x01, 0xFF, 0xFD, 0x40,
        0x00, 0x00, 0x00, 0x80, 0x00, 0xFF, 0xFE, 0xA0, 0x00, 0x00, 0x00, 0x00,
        0x00, 0x7F, 0xFD, 0x40, 0x00, 0x00, 0x00, 0x00, 0x00, 0x3F, 0xFE, 0xA0,
        0x00, 0x00, 0x00, 0x00, 0x00, 0x1F, 0xFF, 0x40, 0x00, 0x00, 0x00, 0x00,
        0x00, 0x1F, 0xFF, 0xA0, 0x00, 0x00, 0x00, 0x00, 0x00, 0x0F, 0xFF, 0x40,
        0x00, 0x00, 0x00, 0x00, 0x00, 0x0F, 0xFF, 0xA0, 0x00, 0x00, 0x00, 0x00,
        0x00, 0x07, 0xFF, 0xC0, 0x00, 0x00, 0x00, 0x00, 0x00, 0x07, 0xFF, 0xA0,
        0x00, 0x00, 0x00, 0x00, 0x00, 0x03, 0xFF, 0xC0, 0x00, 0x00, 0x00, 0x00,
        0x00, 0x03, 0xFF, 0xE0, 0x00, 0x00, 0x00, 0x00, 0x00, 0x03, 0xFF, 0xC0,
        0x00, 0x00, 0x00, 0x00, 0x00, 0x01, 0xFF, 0xE0, 0x00, 0x00, 0x00, 0x00,
        0x00, 0x01, 0xFF, 0xC0, 0x00, 0x00, 0x00, 0x00, 0x00, 0x01, 0xFF, 0xE0,
        0x00, 0x00, 0x00, 0x00, 0x00, 0x01, 0xFF, 0xC0, 0x00, 0x00, 0x00, 0x00,
        0x00, 0x01, 0xFF, 0xC0, 0x00, 0x00, 0x00, 0x00, 0x00, 0x01, 0xFF, 0xE0,
        0x00, 0x00, 0x00, 0x00, 0x00, 0x01, 0xFF, 0xE0, 0x00, 0x00, 0x00, 0x00,
        0x00, 0x01, 0xFF, 0xE0, 0x00, 0x00, 0x00, 0x00, 0x00, 0x01, 0xFF, 0xE0,
        0x00, 0x00, 0x00, 0x00, 0x00, 0x01, 0xFF, 0xE0, 0x00, 0x00, 0x00, 0x00,
        0x00, 0x01, 0xFF, 0xE0, 0x00, 0x00, 0x00, 0x00, 0x00, 0x01, 0xFF, 0xE0,
        0x00, 0x00, 0x00, 0x00, 0x00, 0x01, 0xFF, 0xE0, 0x00, 0x00, 0x00, 0x00,
        0x00, 0x01, 0xFF, 0xE0, 0x00, 0x00, 0x00, 0x00, 0x00, 0x01, 0xFF, 0xE0,
        0x00, 0x00, 0x00, 0x00, 0x00, 0x00, 0xFF, 0xE0, 0x00, 0x00, 0x00, 0x00,
        0x00, 0x00, 0xFF, 0xE0, 0x00, 0x00, 0x00, 0x00, 0x00, 0x00, 0x00, 0x00,
        0x00, 0x00, 0x00, 0x00, 0x00, 0x00, 0x00, 0x00, 0x00, 0x00, 0x00, 0x00,
        0x00, 0x00, 0x00, 0x00, 0x00, 0x00, 0x00, 0x00, 0x00, 0x00, 0x00, 0x00,
        0x00, 0x00, 0x00, 0x00, 0x00, 0x00, 0x00, 0x00, 0x00, 0x00, 0x00, 0x00,
        0x00, 0x00, 0x00, 0x00, 0x00, 0x00, 0x00, 0x00, 0x00, 0x00, 0x00, 0x00,
        0x00, 0x00, 0x00, 0x00, 0x00, 0x00, 0x00, 0x00, 0x00, 0x00, 0x00, 0x00,
        0x00, 0x00, 0x00, 0x00, 0x00, 0x00, 0x00, 0x00, 0x00, 0x00, 0x00, 0x00,
        0x00, 0x00, 0x00, 0x00, 0x00, 0x00, 0x00, 0x00,
    ]
}

MERGE_RIGHT = {
    'w': 64, 'h': 76,
    'data': [
        0x00, 0x00, 0x00, 0x00, 0x00, 0x00, 0x00, 0x00, 0x00, 0x00, 0x00, 0x00,
        0x00, 0x00, 0x00, 0x00, 0x00, 0x00, 0x00, 0x00, 0x00, 0x00, 0x00, 0x00,
        0x00, 0x00, 0x00, 0x00, 0x00, 0x00, 0x00, 0x00, 0x00, 0x00, 0x00, 0x00,
        0x00, 0x00, 0x00, 0x00, 0x00, 0x00, 0x00, 0x00, 0x00, 0x00, 0x00, 0x00,
        0x00, 0x00, 0x00, 0x00, 0x00, 0x00, 0x00, 0x00, 0x00, 0x00, 0x00, 0x00,
        0x00, 0x00, 0x00, 0x00, 0x00, 0x00, 0x00, 0x00, 0x00, 0x00, 0x00, 0x00,
        0x00, 0x00, 0x00, 0x00, 0x40, 0x00, 0x00, 0x00, 0x05, 0x55, 0x00, 0x00,
        0xF8, 0x00, 0x00, 0x00, 0x02, 0xAA, 0x80, 0x01, 0xFE, 0x00, 0x00, 0x00,
        0x05, 0x55, 0x00, 0x01, 0xFF, 0xC0, 0x00, 0x00, 0x02, 0xAA, 0x80, 0x00,
        0xFF, 0xF8, 0x00, 0x00, 0x05, 0x55, 0x00, 0x00, 0xFF, 0xFF, 0x00, 0x00,
        0x02, 0xAA, 0x80, 0x00, 0x7F, 0xFF, 0xE0, 0x00, 0x05, 0x55, 0x00, 0x00,
        0x3F, 0xFF, 0xF8, 0x00, 0x02, 0xAA, 0x80, 0x00, 0x3F, 0xFF, 0xFF, 0x00,
        0x05, 0x55, 0x00, 0x00, 0x7F, 0xFF, 0xFF, 0x00, 0x02, 0xAA, 0x80, 0x03,
        0xFF, 0xFF, 0xFE, 0x00, 0x05, 0x55, 0x00, 0x1F, 0xFF, 0xFF, 0xFC, 0x00,
        0x02, 0xAA, 0x80, 0x7F, 0xFF, 0xFF, 0xFC, 0x00, 0x05, 0x55, 0x00, 0xFF,
        0xFF, 0xFF, 0xF8, 0x00, 0x02, 0xAA, 0x83, 0xFF, 0xFF, 0xFF, 0xF0, 0x00,
        0x05, 0x55, 0x0F, 0xFF, 0xFF, 0xFF, 0xE0, 0x00, 0x02, 0xAA, 0x9F, 0xFF,
        0xFF, 0xFF, 0xC0, 0x00, 0x05, 0x55, 0x3F, 0xFF, 0xFF, 0xFF, 0x80, 0x00,
        0x02, 0xAA, 0xFF, 0xFF, 0xFF, 0xFF, 0x80, 0x00, 0x05, 0x55, 0xFF, 0xFF,
        0xFF, 0xFF, 0x00, 0x00, 0x02, 0xAB, 0xFF, 0xFF, 0xE7, 0xFE, 0x00, 0x00,
        0x05, 0x57, 0xFF, 0xFF, 0x87, 0xFC, 0x00, 0x00, 0x02, 0xAF, 0xFF, 0xFE,
        0x07, 0xF8, 0x00, 0x00, 0x05, 0x57, 0xFF, 0xF8, 0x07, 0xF0, 0x00, 0x00,
        0x02, 0xAF, 0xFF, 0xE0, 0x07, 0xE0, 0x00, 0x00, 0x05, 0x5F, 0xFF, 0xC0,
        0x07, 0xE0, 0x00, 0x00, 0x02, 0xBF, 0xFF, 0x80, 0x03, 0xC0, 0x00, 0x00,
        0x05, 0x7F, 0xFF, 0x00, 0x01, 0x00, 0x00, 0x00, 0x02, 0xBF, 0xFE, 0x00,
        0x00, 0x00, 0x00, 0x00, 0x05, 0x7F, 0xFC, 0x00, 0x00, 0x00, 0x00, 0x00,
        0x02, 0xFF, 0xF8, 0x00, 0x00, 0x00, 0x00, 0x00, 0x05, 0xFF, 0xF8, 0x00,
        0x00, 0x00, 0x00, 0x00, 0x02, 0xFF, 0xF0, 0x00, 0x00, 0x00, 0x00, 0x00,
        0x05, 0xFF, 0xF0, 0x00, 0x00, 0x00, 0x00, 0x00, 0x03, 0xFF, 0xE0, 0x00,
        0x00, 0x00, 0x00, 0x00, 0x05, 0xFF, 0xE0, 0x00, 0x00, 0x00, 0x00, 0x00,
        0x03, 0xFF, 0xC0, 0x00, 0x00, 0x00, 0x00, 0x00, 0x07, 0xFF, 0xC0, 0x00,
        0x00, 0x00, 0x00, 0x00, 0x03, 0xFF, 0xC0, 0x00, 0x00, 0x00, 0x00, 0x00,
        0x07, 0xFF, 0x80, 0x00, 0x00, 0x00, 0x00, 0x00, 0x03, 0xFF, 0x80, 0x00,
        0x00, 0x00, 0x00, 0x00, 0x07, 0xFF, 0x80, 0x00, 0x00, 0x00, 0x00, 0x00,
        0x03, 0xFF, 0x80, 0x00, 0x00, 0x00, 0x00, 0x00, 0x03, 0xFF, 0x80, 0x00,
        0x00, 0x00, 0x00, 0x00, 0x07, 0xFF, 0x80, 0x00, 0x00, 0x00, 0x00, 0x00,
        0x07, 0xFF, 0x80, 0x00, 0x00, 0x00, 0x00, 0x00, 0x07, 0xFF, 0x80, 0x00,
        0x00, 0x00, 0x00, 0x00, 0x07, 0xFF, 0x80, 0x00, 0x00, 0x00, 0x00, 0x00,
        0x07, 0xFF, 0x80, 0x00, 0x00, 0x00, 0x00, 0x00, 0x07, 0xFF, 0x80, 0x00,
        0x00, 0x00, 0x00, 0x00, 0x07, 0xFF, 0x80, 0x00, 0x00, 0x00, 0x00, 0x00,
        0x07, 0xFF, 0x80, 0x00, 0x00, 0x00, 0x00, 0x00, 0x07, 0xFF, 0x80, 0x00,
        0x00, 0x00, 0x00, 0x00, 0x07, 0xFF, 0x80, 0x00, 0x00, 0x00, 0x00, 0x00,
        0x07, 0xFF, 0x00, 0x00, 0x00, 0x00, 0x00, 0x00, 0x07, 0xFF, 0x00, 0x00,
        0x00, 0x00, 0x00, 0x00, 0x00, 0x00, 0x00, 0x00, 0x00, 0x00, 0x00, 0x00,
        0x00, 0x00, 0x00, 0x00, 0x00, 0x00, 0x00, 0x00, 0x00, 0x00, 0x00, 0x00,
        0x00, 0x00, 0x00, 0x00, 0x00, 0x00, 0x00, 0x00, 0x00, 0x00, 0x00, 0x00,
        0x00, 0x00, 0x00, 0x00, 0x00, 0x00, 0x00, 0x00, 0x00, 0x00, 0x00, 0x00,
        0x00, 0x00, 0x00, 0x00, 0x00, 0x00, 0x00, 0x00, 0x00, 0x00, 0x00, 0x00,
        0x00, 0x00, 0x00, 0x00, 0x00, 0x00, 0x00, 0x00, 0x00, 0x00, 0x00, 0x00,
        0x00, 0x00, 0x00, 0x00, 0x00, 0x00, 0x00, 0x00, 0x00, 0x00, 0x00, 0x00,
        0x00, 0x00, 0x00, 0x00, 0x00, 0x00, 0x00, 0x00,
    ]
}

RAMP_OFF_LEFT = {
    'w': 64, 'h': 76,
    'data': [
        0x00, 0x00, 0x00, 0x00, 0x00, 0x00, 0x00, 0x00, 0x00, 0x00, 0x00, 0x00,
        0x00, 0x00, 0x00, 0x00, 0x00, 0x00, 0x00, 0x00, 0x00, 0x00, 0x00, 0x00,
        0x00, 0x00, 0x00, 0x00, 0x00, 0x00, 0x00, 0x00, 0x00, 0x00, 0x00, 0x00,
        0x00, 0x00, 0x00, 0x00, 0x00, 0x00, 0x00, 0x00, 0x00, 0x00, 0x00, 0x00,
        0x00, 0x00, 0x00, 0x00, 0x00, 0x00, 0x00, 0x00, 0x00, 0x00, 0x00, 0x00,
        0x00, 0x00, 0x00, 0x00, 0x00, 0x00, 0x00, 0x00, 0x00, 0x00, 0x00, 0x00,
        0x00, 0x00, 0x00, 0x02, 0x00, 0x00, 0x00, 0x00, 0x00, 0x00, 0x00, 0x1F,
        0x00, 0x00, 0xAA, 0xA0, 0x00, 0x00, 0x00, 0x7F, 0x80, 0x01, 0x55, 0x40,
        0x00, 0x00, 0x03, 0xFF, 0x80, 0x00, 0xAA, 0xA0, 0x00, 0x00, 0x1F, 0xFF,
        0x00, 0x01, 0x55, 0x40, 0x00, 0x00, 0xFF, 0xFF, 0x00, 0x00, 0xAA, 0xA0,
        0x00, 0x07, 0xFF, 0xFE, 0x00, 0x01, 0x55, 0x40, 0x00, 0x1F, 0xFF, 0xFC,
        0x00, 0x00, 0xAA, 0xA0, 0x00, 0xFF, 0xFF, 0xFC, 0x00, 0x01, 0x55, 0x40,
        0x00, 0xFF, 0xFF, 0xFE, 0x00, 0x00, 0xAA, 0xA0, 0x00, 0x7F, 0xFF, 0xFF,
        0xC0, 0x01, 0x55, 0x40, 0x00, 0x3F, 0xFF, 0xFF, 0xF8, 0x00, 0xAA, 0xA0,
        0x00, 0x3F, 0xFF, 0xFF, 0xFE, 0x01, 0x55, 0x40, 0x00, 0x1F, 0xFF, 0xFF,
        0xFF, 0x00, 0xAA, 0xA0, 0x00, 0x0F, 0xFF, 0xFF, 0xFF, 0xC1, 0x55, 0x40,
        0x00, 0x07, 0xFF, 0xFF, 0xFF, 0xF0, 0xAA, 0xA0, 0x00, 0x03, 0xFF, 0xFF,
        0xFF, 0xF9, 0x55, 0x40, 0x00, 0x01, 0xFF, 0xFF, 0xFF, 0xFC, 0xAA, 0xA0,
        0x00, 0x01, 0xFF, 0xFF, 0xFF, 0xFF, 0x55, 0x40, 0x00, 0x00, 0xFF, 0xFF,
        0xFF, 0xFF, 0xAA, 0xA0, 0x00, 0x00, 0x7F, 0xE7, 0xFF, 0xFF, 0xD5, 0x40,
        0x00, 0x00, 0x3F, 0xE1, 0xFF, 0xFF, 0xEA, 0xA0, 0x00, 0x00, 0x1F, 0xE0,
        0x7F, 0xFF, 0xF5, 0x40, 0x00, 0x00, 0x0F, 0xE0, 0x1F, 0xFF, 0xEA, 0xA0,
        0x00, 0x00, 0x07, 0xE0, 0x07, 0xFF, 0xF5, 0x40, 0x00, 0x00, 0x07, 0xE0,
        0x03, 0xFF, 0xFA, 0xA0, 0x00, 0x00, 0x03, 0xC0, 0x01, 0xFF, 0xFD, 0x40,
        0x00, 0x00, 0x00, 0x80, 0x00, 0xFF, 0xFE, 0xA0, 0x00, 0x00, 0x00, 0x00,
        0x00, 0x7F, 0xFD, 0x40, 0x00, 0x00, 0x00, 0x00, 0x00, 0x3F, 0xFE, 0xA0,
        0x00, 0x00, 0x00, 0x00, 0x00, 0x1F, 0xFF, 0x40, 0x00, 0x00, 0x00, 0x00,
        0x00, 0x1F, 0xFF, 0xA0, 0x00, 0x00, 0x00, 0x00, 0x00, 0x0F, 0xFF, 0x40,
        0x00, 0x00, 0x00, 0x00, 0x00, 0x0F, 0xFF, 0xA0, 0x00, 0x00, 0x00, 0x00,
        0x00, 0x07, 0xFF, 0xC0, 0x00, 0x00, 0x00, 0x00, 0x00, 0x07, 0xFF, 0xA0,
        0x00, 0x00, 0x00, 0x00, 0x00, 0x03, 0xFF, 0xC0, 0x00, 0x00, 0x00, 0x00,
        0x00, 0x03, 0xFF, 0xE0, 0x00, 0x00, 0x00, 0x00, 0x00, 0x03, 0xFF, 0xC0,
        0x00, 0x00, 0x00, 0x00, 0x00, 0x01, 0xFF, 0xE0, 0x00, 0x00, 0x00, 0x00,
        0x00, 0x01, 0xFF, 0xC0, 0x00, 0x00, 0x00, 0x00, 0x00, 0x01, 0xFF, 0xE0,
        0x00, 0x00, 0x00, 0x00, 0x00, 0x01, 0xFF, 0xC0, 0x00, 0x00, 0x00, 0x00,
        0x00, 0x01, 0xFF, 0xC0, 0x00, 0x00, 0x00, 0x00, 0x00, 0x01, 0xFF, 0xE0,
        0x00, 0x00, 0x00, 0x00, 0x00, 0x01, 0xFF, 0xE0, 0x00, 0x00, 0x00, 0x00,
        0x00, 0x01, 0xFF, 0xE0, 0x00, 0x00, 0x00, 0x00, 0x00, 0x01, 0xFF, 0xE0,
        0x00, 0x00, 0x00, 0x00, 0x00, 0x01, 0xFF, 0xE0, 0x00, 0x00, 0x00, 0x00,
        0x00, 0x01, 0xFF, 0xE0, 0x00, 0x00, 0x00, 0x00, 0x00, 0x01, 0xFF, 0xE0,
        0x00, 0x00, 0x00, 0x00, 0x00, 0x01, 0xFF, 0xE0, 0x00, 0x00, 0x00, 0x00,
        0x00, 0x01, 0xFF, 0xE0, 0x00, 0x00, 0x00, 0x00, 0x00, 0x01, 0xFF, 0xE0,
        0x00, 0x00, 0x00, 0x00, 0x00, 0x00, 0xFF, 0xE0, 0x00, 0x00, 0x00, 0x00,
        0x00, 0x00, 0xFF, 0xE0, 0x00, 0x00, 0x00, 0x00, 0x00, 0x00, 0x00, 0x00,
        0x00, 0x00, 0x00, 0x00, 0x00, 0x00, 0x00, 0x00, 0x00, 0x00, 0x00, 0x00,
        0x00, 0x00, 0x00, 0x00, 0x00, 0x00, 0x00, 0x00, 0x00, 0x00, 0x00, 0x00,
        0x00, 0x00, 0x00, 0x00, 0x00, 0x00, 0x00, 0x00, 0x00, 0x00, 0x00, 0x00,
        0x00, 0x00, 0x00, 0x00, 0x00, 0x00, 0x00, 0x00, 0x00, 0x00, 0x00, 0x00,
        0x00, 0x00, 0x00, 0x00, 0x00, 0x00, 0x00, 0x00, 0x00, 0x00, 0x00, 0x00,
        0x00, 0x00, 0x00, 0x00, 0x00, 0x00, 0x00, 0x00, 0x00, 0x00, 0x00, 0x00,
        0x00, 0x00, 0x00, 0x00, 0x00, 0x00, 0x00, 0x00,
    ]
}

RAMP_OFF_RIGHT = {
    'w': 64, 'h': 76,
    'data': [
        0x00, 0x00, 0x00, 0x00, 0x00, 0x00, 0x00, 0x00, 0x00, 0x00, 0x00, 0x00,
        0x00, 0x00, 0x00, 0x00, 0x00, 0x00, 0x00, 0x00, 0x00, 0x00, 0x00, 0x00,
        0x00, 0x00, 0x00, 0x00, 0x00, 0x00, 0x00, 0x00, 0x00, 0x00, 0x00, 0x00,
        0x00, 0x00, 0x00, 0x00, 0x00, 0x00, 0x00, 0x00, 0x00, 0x00, 0x00, 0x00,
        0x00, 0x00, 0x00, 0x00, 0x00, 0x00, 0x00, 0x00, 0x00, 0x00, 0x00, 0x00,
        0x00, 0x00, 0x00, 0x00, 0x00, 0x00, 0x00, 0x00, 0x00, 0x00, 0x00, 0x00,
        0x00, 0x00, 0x00, 0x00, 0x40, 0x00, 0x00, 0x00, 0x05, 0x55, 0x00, 0x00,
        0xF8, 0x00, 0x00, 0x00, 0x02, 0xAA, 0x80, 0x01, 0xFE, 0x00, 0x00, 0x00,
        0x05, 0x55, 0x00, 0x01, 0xFF, 0xC0, 0x00, 0x00, 0x02, 0xAA, 0x80, 0x00,
        0xFF, 0xF8, 0x00, 0x00, 0x05, 0x55, 0x00, 0x00, 0xFF, 0xFF, 0x00, 0x00,
        0x02, 0xAA, 0x80, 0x00, 0x7F, 0xFF, 0xE0, 0x00, 0x05, 0x55, 0x00, 0x00,
        0x3F, 0xFF, 0xF8, 0x00, 0x02, 0xAA, 0x80, 0x00, 0x3F, 0xFF, 0xFF, 0x00,
        0x05, 0x55, 0x00, 0x00, 0x7F, 0xFF, 0xFF, 0x00, 0x02, 0xAA, 0x80, 0x03,
        0xFF, 0xFF, 0xFE, 0x00, 0x05, 0x55, 0x00, 0x1F, 0xFF, 0xFF, 0xFC, 0x00,
        0x02, 0xAA, 0x80, 0x7F, 0xFF, 0xFF, 0xFC, 0x00, 0x05, 0x55, 0x00, 0xFF,
        0xFF, 0xFF, 0xF8, 0x00, 0x02, 0xAA, 0x83, 0xFF, 0xFF, 0xFF, 0xF0, 0x00,
        0x05, 0x55, 0x0F, 0xFF, 0xFF, 0xFF, 0xE0, 0x00, 0x02, 0xAA, 0x9F, 0xFF,
        0xFF, 0xFF, 0xC0, 0x00, 0x05, 0x55, 0x3F, 0xFF, 0xFF, 0xFF, 0x80, 0x00,
        0x02, 0xAA, 0xFF, 0xFF, 0xFF, 0xFF, 0x80, 0x00, 0x05, 0x55, 0xFF, 0xFF,
        0xFF, 0xFF, 0x00, 0x00, 0x02, 0xAB, 0xFF, 0xFF, 0xE7, 0xFE, 0x00, 0x00,
        0x05, 0x57, 0xFF, 0xFF, 0x87, 0xFC, 0x00, 0x00, 0x02, 0xAF, 0xFF, 0xFE,
        0x07, 0xF8, 0x00, 0x00, 0x05, 0x57, 0xFF, 0xF8, 0x07, 0xF0, 0x00, 0x00,
        0x02, 0xAF, 0xFF, 0xE0, 0x07, 0xE0, 0x00, 0x00, 0x05, 0x5F, 0xFF, 0xC0,
        0x07, 0xE0, 0x00, 0x00, 0x02, 0xBF, 0xFF, 0x80, 0x03, 0xC0, 0x00, 0x00,
        0x05, 0x7F, 0xFF, 0x00, 0x01, 0x00, 0x00, 0x00, 0x02, 0xBF, 0xFE, 0x00,
        0x00, 0x00, 0x00, 0x00, 0x05, 0x7F, 0xFC, 0x00, 0x00, 0x00, 0x00, 0x00,
        0x02, 0xFF, 0xF8, 0x00, 0x00, 0x00, 0x00, 0x00, 0x05, 0xFF, 0xF8, 0x00,
        0x00, 0x00, 0x00, 0x00, 0x02, 0xFF, 0xF0, 0x00, 0x00, 0x00, 0x00, 0x00,
        0x05, 0xFF, 0xF0, 0x00, 0x00, 0x00, 0x00, 0x00, 0x03, 0xFF, 0xE0, 0x00,
        0x00, 0x00, 0x00, 0x00, 0x05, 0xFF, 0xE0, 0x00, 0x00, 0x00, 0x00, 0x00,
        0x03, 0xFF, 0xC0, 0x00, 0x00, 0x00, 0x00, 0x00, 0x07, 0xFF, 0xC0, 0x00,
        0x00, 0x00, 0x00, 0x00, 0x03, 0xFF, 0xC0, 0x00, 0x00, 0x00, 0x00, 0x00,
        0x07, 0xFF, 0x80, 0x00, 0x00, 0x00, 0x00, 0x00, 0x03, 0xFF, 0x80, 0x00,
        0x00, 0x00, 0x00, 0x00, 0x07, 0xFF, 0x80, 0x00, 0x00, 0x00, 0x00, 0x00,
        0x03, 0xFF, 0x80, 0x00, 0x00, 0x00, 0x00, 0x00, 0x03, 0xFF, 0x80, 0x00,
        0x00, 0x00, 0x00, 0x00, 0x07, 0xFF, 0x80, 0x00, 0x00, 0x00, 0x00, 0x00,
        0x07, 0xFF, 0x80, 0x00, 0x00, 0x00, 0x00, 0x00, 0x07, 0xFF, 0x80, 0x00,
        0x00, 0x00, 0x00, 0x00, 0x07, 0xFF, 0x80, 0x00, 0x00, 0x00, 0x00, 0x00,
        0x07, 0xFF, 0x80, 0x00, 0x00, 0x00, 0x00, 0x00, 0x07, 0xFF, 0x80, 0x00,
        0x00, 0x00, 0x00, 0x00, 0x07, 0xFF, 0x80, 0x00, 0x00, 0x00, 0x00, 0x00,
        0x07, 0xFF, 0x80, 0x00, 0x00, 0x00, 0x00, 0x00, 0x07, 0xFF, 0x80, 0x00,
        0x00, 0x00, 0x00, 0x00, 0x07, 0xFF, 0x80, 0x00, 0x00, 0x00, 0x00, 0x00,
        0x07, 0xFF, 0x00, 0x00, 0x00, 0x00, 0x00, 0x00, 0x07, 0xFF, 0x00, 0x00,
        0x00, 0x00, 0x00, 0x00, 0x00, 0x00, 0x00, 0x00, 0x00, 0x00, 0x00, 0x00,
        0x00, 0x00, 0x00, 0x00, 0x00, 0x00, 0x00, 0x00, 0x00, 0x00, 0x00, 0x00,
        0x00, 0x00, 0x00, 0x00, 0x00, 0x00, 0x00, 0x00, 0x00, 0x00, 0x00, 0x00,
        0x00, 0x00, 0x00, 0x00, 0x00, 0x00, 0x00, 0x00, 0x00, 0x00, 0x00, 0x00,
        0x00, 0x00, 0x00, 0x00, 0x00, 0x00, 0x00, 0x00, 0x00, 0x00, 0x00, 0x00,
        0x00, 0x00, 0x00, 0x00, 0x00, 0x00, 0x00, 0x00, 0x00, 0x00, 0x00, 0x00,
        0x00, 0x00, 0x00, 0x00, 0x00, 0x00, 0x00, 0x00, 0x00, 0x00, 0x00, 0x00,
        0x00, 0x00, 0x00, 0x00, 0x00, 0x00, 0x00, 0x00,
    ]
}

RAMP_ON_LEFT = {
    'w': 64, 'h': 76,
    'data': [
        0x00, 0x00, 0x00, 0x00, 0x00, 0x00, 0x00, 0x00, 0x00, 0x00, 0x00, 0x00,
        0x00, 0x00, 0x00, 0x00, 0x00, 0x00, 0x00, 0x00, 0x00, 0x00, 0x00, 0x00,
        0x00, 0x00, 0x00, 0x00, 0x00, 0x00, 0x55, 0x40, 0x00, 0x00, 0x00, 0x00,
        0x00, 0x00, 0xAA, 0x80, 0x00, 0x00, 0x00, 0x00, 0x00, 0x00, 0x55, 0x40,
        0x00, 0x00, 0x00, 0x00, 0x00, 0x00, 0xAE, 0xA0, 0x00, 0x00, 0x00, 0x00,
        0x00, 0x00, 0x5F, 0x40, 0x00, 0x00, 0x00, 0x00, 0x00, 0x00, 0xBF, 0xA0,
        0x00, 0x00, 0x00, 0x00, 0x00, 0x00, 0x7F, 0xC0, 0x00, 0x00, 0x00, 0x00,
        0x00, 0x00, 0xFF, 0xA0, 0x00, 0x00, 0x00, 0x00, 0x00, 0x01, 0x7F, 0xC0,
        0x00, 0x00, 0x00, 0x00, 0x00, 0x00, 0xFF, 0xE0, 0x00, 0x00, 0x00, 0x00,
        0x00, 0x01, 0xFF, 0xF0, 0x00, 0x00, 0x00, 0x00, 0x00, 0x03, 0xFF, 0xF0,
        0x00, 0x00, 0x00, 0x00, 0x00, 0x03, 0xFF, 0xF8, 0x00, 0x00, 0x00, 0x00,
        0x00, 0x07, 0xFF, 0xFC, 0x00, 0x00, 0x00, 0x00, 0x00, 0x07, 0xFF, 0xFC,
        0x00, 0x00, 0x00, 0x00, 0x00, 0x0F, 0xFF, 0xFE, 0x00, 0x00, 0x00, 0x00,
        0x00, 0x1F, 0xFF, 0xFF, 0x00, 0x00, 0x00, 0x00, 0x00, 0x1F, 0xFF, 0xFF,
        0x00, 0x00, 0x00, 0x00, 0x00, 0x3F, 0xFF, 0xFF, 0x00, 0x00, 0x00, 0x00,
        0x00, 0x7F, 0xFF, 0xFF, 0x00, 0x00, 0x00, 0x00, 0x00, 0x7F, 0xFF, 0xFF,
        0x00, 0x00, 0x00, 0x00, 0x00, 0xFF, 0xFF, 0xFF, 0x00, 0x00, 0x00, 0x00,
        0x01, 0xFF, 0xFF, 0xFF, 0x00, 0x00, 0x00, 0x00, 0x01, 0xFF, 0xFF, 0xFF,
        0x00, 0x00, 0x00, 0x00, 0x01, 0xFF, 0xFF, 0xFF, 0x00, 0x00, 0x00, 0x00,
        0x01, 0xF9, 0xFF, 0xE0, 0x00, 0x00, 0x00, 0x00, 0x00, 0xC1, 0xFF, 0xE0,
        0x00, 0x00, 0x00, 0x00, 0x00, 0x01, 0xFF, 0xE0, 0x00, 0x00, 0x00, 0x00,
        0x00, 0x01, 0xFF, 0xE0, 0x00, 0x00, 0x00, 0x00, 0x00, 0x01, 0xFF, 0xE0,
        0x00, 0x00, 0x00, 0x00, 0x00, 0x01, 0xFF, 0xE0, 0x00, 0x00, 0x00, 0x00,
        0x00, 0x01, 0xFF, 0xE0, 0x00, 0x00, 0x00, 0x00, 0x00, 0x01, 0xFF, 0xE0,
        0x00, 0x00, 0x00, 0x00, 0x00, 0x01, 0xFF, 0xE0, 0x00, 0x00, 0x00, 0x00,
        0x00, 0x03, 0xFF, 0xE0, 0x00, 0x00, 0x00, 0x00, 0x00, 0x03, 0xFF, 0xC0,
        0x00, 0x00, 0x00, 0x00, 0x00, 0x03, 0xFF, 0xC0, 0x00, 0x00, 0x00, 0x00,
        0x00, 0x07, 0xFF, 0xE0, 0x00, 0x00, 0x00, 0x00, 0x00, 0x07, 0xFF, 0xC0,
        0x00, 0x00, 0x00, 0x00, 0x00, 0x0F, 0xFF, 0xA0, 0x00, 0x00, 0x00, 0x00,
        0x00, 0x0F, 0xFF, 0xC0, 0x00, 0x00, 0x00, 0x00, 0x00, 0x1F, 0xFF, 0xA0,
        0x00, 0x00, 0x00, 0x00, 0x00, 0x1F, 0xFF, 0x40, 0x00, 0x00, 0x00, 0x00,
        0x00, 0x3F, 0xFF, 0xA0, 0x00, 0x00, 0x00, 0x00, 0x00, 0x7F, 0xFF, 0x40,
        0x00, 0x00, 0x00, 0x00, 0x00, 0xFF, 0xFE, 0xA0, 0x00, 0x00, 0x00, 0x00,
        0x01, 0xFF, 0xFD, 0x40, 0x00, 0x00, 0x00, 0x00, 0x03, 0xFF, 0xFE, 0xA0,
        0x00, 0x00, 0x00, 0x00, 0x07, 0xFF, 0xFD, 0x40, 0x00, 0x00, 0x00, 0x00,
        0x0F, 0xFF, 0xFA, 0xA0, 0x00, 0x00, 0x00, 0x00, 0x3F, 0xFF, 0xF5, 0x40,
        0x00, 0x00, 0x00, 0x00, 0x7F, 0xFF, 0xEA, 0xA0, 0x00, 0x00, 0x00, 0x01,
        0xFF, 0xFF, 0xD5, 0x40, 0x00, 0x00, 0x00, 0x0F, 0xFF, 0xFF, 0xAA, 0xA0,
        0x00, 0x00, 0x00, 0x3F, 0xFF, 0xFF, 0x55, 0x40, 0x00, 0x00, 0x01, 0xFF,
        0xFF, 0xFF, 0xAA, 0xA0, 0x00, 0x00, 0x1F, 0xFF, 0xFF, 0xFD, 0x55, 0x40,
        0x00, 0x00, 0xFF, 0xFF, 0xFF, 0xF9, 0xAA, 0xA0, 0x00, 0x00, 0x7F, 0xFF,
        0xFF, 0xF1, 0x55, 0x40, 0x00, 0x00, 0x7F, 0xFF, 0xFF, 0xC1, 0xAA, 0x80,
        0x00, 0x00, 0x7F, 0xFF, 0xFF, 0x80, 0x55, 0x40, 0x00, 0x00, 0x7F, 0xFF,
        0xFE, 0x00, 0xAA, 0x80, 0x00, 0x00, 0x3F, 0xFF, 0xF8, 0x00, 0x55, 0x40,
        0x00, 0x00, 0x3F, 0xFF, 0xE0, 0x00, 0xAA, 0x80, 0x00, 0x00, 0x3F, 0xFF,
        0x80, 0x00, 0x55, 0x40, 0x00, 0x00, 0x3F, 0xFC, 0x00, 0x00, 0xAA, 0x80,
        0x00, 0x00, 0x1F, 0xE0, 0x00, 0x00, 0x55, 0x40, 0x00, 0x00, 0x1F, 0x00,
        0x00, 0x00, 0xAA, 0x80, 0x00, 0x00, 0x10, 0x00, 0x00, 0x00, 0x00, 0x00,
        0x00, 0x00, 0x00, 0x00, 0x00, 0x00, 0x00, 0x00, 0x00, 0x00, 0x00, 0x00,
        0x00, 0x00, 0x00, 0x00, 0x00, 0x00, 0x00, 0x00, 0x00, 0x00, 0x00, 0x00,
        0x00, 0x00, 0x00, 0x00, 0x00, 0x00, 0x00, 0x00,
    ]
}

RAMP_ON_RIGHT = {
    'w': 64, 'h': 76,
    'data': [
        0x00, 0x00, 0x00, 0x00, 0x00, 0x00, 0x00, 0x00, 0x00, 0x00, 0x00, 0x00,
        0x00, 0x00, 0x00, 0x00, 0x00, 0x00, 0x00, 0x00, 0x00, 0x00, 0x00, 0x00,
        0x02, 0xAA, 0x00, 0x00, 0x00, 0x00, 0x00, 0x00, 0x01, 0x55, 0x00, 0x00,
        0x00, 0x00, 0x00, 0x00, 0x02, 0xAA, 0x00, 0x00, 0x00, 0x00, 0x00, 0x00,
        0x05, 0x75, 0x00, 0x00, 0x00, 0x00, 0x00, 0x00, 0x02, 0xFA, 0x00, 0x00,
        0x00, 0x00, 0x00, 0x00, 0x05, 0xFD, 0x00, 0x00, 0x00, 0x00, 0x00, 0x00,
        0x03, 0xFE, 0x00, 0x00, 0x00, 0x00, 0x00, 0x00, 0x05, 0xFF, 0x00, 0x00,
        0x00, 0x00, 0x00, 0x00, 0x03, 0xFE, 0x80, 0x00, 0x00, 0x00, 0x00, 0x00,
        0x07, 0xFF, 0x00, 0x00, 0x00, 0x00, 0x00, 0x00, 0x0F, 0xFF, 0x80, 0x00,
        0x00, 0x00, 0x00, 0x00, 0x0F, 0xFF, 0xC0, 0x00, 0x00, 0x00, 0x00, 0x00,
        0x1F, 0xFF, 0xC0, 0x00, 0x00, 0x00, 0x00, 0x00, 0x3F, 0xFF, 0xE0, 0x00,
        0x00, 0x00, 0x00, 0x00, 0x3F, 0xFF, 0xE0, 0x00, 0x00, 0x00, 0x00, 0x00,
        0x7F, 0xFF, 0xF0, 0x00, 0x00, 0x00, 0x00, 0x00, 0xFF, 0xFF, 0xF8, 0x00,
        0x00, 0x00, 0x00, 0x00, 0xFF, 0xFF, 0xF8, 0x00, 0x00, 0x00, 0x00, 0x00,
        0xFF, 0xFF, 0xFC, 0x00, 0x00, 0x00, 0x00, 0x00, 0xFF, 0xFF, 0xFE, 0x00,
        0x00, 0x00, 0x00, 0x00, 0xFF, 0xFF, 0xFE, 0x00, 0x00, 0x00, 0x00, 0x00,
        0xFF, 0xFF, 0xFF, 0x00, 0x00, 0x00, 0x00, 0x00, 0xFF, 0xFF, 0xFF, 0x80,
        0x00, 0x00, 0x00, 0x00, 0xFF, 0xFF, 0xFF, 0x80, 0x00, 0x00, 0x00, 0x00,
        0xFF, 0xFF, 0xFF, 0x80, 0x00, 0x00, 0x00, 0x00, 0x07, 0xFF, 0x9F, 0x80,
        0x00, 0x00, 0x00, 0x00, 0x07, 0xFF, 0x83, 0x00, 0x00, 0x00, 0x00, 0x00,
        0x07, 0xFF, 0x80, 0x00, 0x00, 0x00, 0x00, 0x00, 0x07, 0xFF, 0x80, 0x00,
        0x00, 0x00, 0x00, 0x00, 0x07, 0xFF, 0x80, 0x00, 0x00, 0x00, 0x00, 0x00,
        0x07, 0xFF, 0x80, 0x00, 0x00, 0x00, 0x00, 0x00, 0x07, 0xFF, 0x80, 0x00,
        0x00, 0x00, 0x00, 0x00, 0x07, 0xFF, 0x80, 0x00, 0x00, 0x00, 0x00, 0x00,
        0x07, 0xFF, 0x80, 0x00, 0x00, 0x00, 0x00, 0x00, 0x07, 0xFF, 0xC0, 0x00,
        0x00, 0x00, 0x00, 0x00, 0x03, 0xFF, 0xC0, 0x00, 0x00, 0x00, 0x00, 0x00,
        0x03, 0xFF, 0xC0, 0x00, 0x00, 0x00, 0x00, 0x00, 0x07, 0xFF, 0xE0, 0x00,
        0x00, 0x00, 0x00, 0x00, 0x03, 0xFF, 0xE0, 0x00, 0x00, 0x00, 0x00, 0x00,
        0x05, 0xFF, 0xF0, 0x00, 0x00, 0x00, 0x00, 0x00, 0x03, 0xFF, 0xF0, 0x00,
        0x00, 0x00, 0x00, 0x00, 0x05, 0xFF, 0xF8, 0x00, 0x00, 0x00, 0x00, 0x00,
        0x02, 0xFF, 0xF8, 0x00, 0x00, 0x00, 0x00, 0x00, 0x05, 0xFF, 0xFC, 0x00,
        0x00, 0x00, 0x00, 0x00, 0x02, 0xFF, 0xFE, 0x00, 0x00, 0x00, 0x00, 0x00,
        0x05, 0x7F, 0xFF, 0x00, 0x00, 0x00, 0x00, 0x00, 0x02, 0xBF, 0xFF, 0x80,
        0x00, 0x00, 0x00, 0x00, 0x05, 0x7F, 0xFF, 0xC0, 0x00, 0x00, 0x00, 0x00,
        0x02, 0xBF, 0xFF, 0xE0, 0x00, 0x00, 0x00, 0x00, 0x05, 0x5F, 0xFF, 0xF0,
        0x00, 0x00, 0x00, 0x00, 0x02, 0xAF, 0xFF, 0xFC, 0x00, 0x00, 0x00, 0x00,
        0x05, 0x57, 0xFF, 0xFE, 0x00, 0x00, 0x00, 0x00, 0x02, 0xAB, 0xFF, 0xFF,
        0x80, 0x00, 0x00, 0x00, 0x05, 0x55, 0xFF, 0xFF, 0xF0, 0x00, 0x00, 0x00,
        0x02, 0xAA, 0xFF, 0xFF, 0xFC, 0x00, 0x00, 0x00, 0x05, 0x55, 0xFF, 0xFF,
        0xFF, 0x80, 0x00, 0x00, 0x02, 0xAA, 0xBF, 0xFF, 0xFF, 0xF8, 0x00, 0x00,
        0x05, 0x55, 0x9F, 0xFF, 0xFF, 0xFF, 0x00, 0x00, 0x02, 0xAA, 0x8F, 0xFF,
        0xFF, 0xFE, 0x00, 0x00, 0x01, 0x55, 0x83, 0xFF, 0xFF, 0xFE, 0x00, 0x00,
        0x02, 0xAA, 0x01, 0xFF, 0xFF, 0xFE, 0x00, 0x00, 0x01, 0x55, 0x00, 0x7F,
        0xFF, 0xFE, 0x00, 0x00, 0x02, 0xAA, 0x00, 0x1F, 0xFF, 0xFC, 0x00, 0x00,
        0x01, 0x55, 0x00, 0x07, 0xFF, 0xFC, 0x00, 0x00, 0x02, 0xAA, 0x00, 0x01,
        0xFF, 0xFC, 0x00, 0x00, 0x01, 0x55, 0x00, 0x00, 0x3F, 0xFC, 0x00, 0x00,
        0x02, 0xAA, 0x00, 0x00, 0x07, 0xF8, 0x00, 0x00, 0x01, 0x55, 0x00, 0x00,
        0x00, 0xF8, 0x00, 0x00, 0x00, 0x00, 0x00, 0x00, 0x00, 0x08, 0x00, 0x00,
        0x00, 0x00, 0x00, 0x00, 0x00, 0x00, 0x00, 0x00, 0x00, 0x00, 0x00, 0x00,
        0x00, 0x00, 0x00, 0x00, 0x00, 0x00, 0x00, 0x00, 0x00, 0x00, 0x00, 0x00,
        0x00, 0x00, 0x00, 0x00, 0x00, 0x00, 0x00, 0x00,
    ]
}

ROUNDABOUT_CLOCKWISE = {
    'w': 64, 'h': 76,
    'data': [
        0x00, 0x00, 0x00, 0x00, 0x00, 0x00, 0x00, 0x00, 0x00, 0x00, 0x00, 0x00,
        0x00, 0x00, 0x00, 0x00, 0x00, 0x00, 0x00, 0x00, 0x00, 0x00, 0x00, 0x00,
        0x00, 0x00, 0x00, 0x00, 0x2A, 0x80, 0x00, 0x00, 0x00, 0x00, 0x00, 0x05,
        0x55, 0x50, 0x00, 0x00, 0x00, 0x00, 0x00, 0x2A, 0xAA, 0xAA, 0x00, 0x00,
        0x00, 0x00, 0x00, 0x55, 0x55, 0x55, 0x40, 0x00, 0x00, 0x01, 0x82, 0xAA,
        0xAA, 0xAA, 0xA0, 0x00, 0x00, 0x03, 0x85, 0x55, 0x55, 0x55, 0x50, 0x00,
        0x00, 0x03, 0xCA, 0xAA, 0xAA, 0xAA, 0xA8, 0x00, 0x00, 0x07, 0xF5, 0x55,
        0x55, 0x55, 0x54, 0x00, 0x00, 0x0F, 0xEA, 0xAA, 0xAA, 0xAA, 0xAA, 0x00,
        0x00, 0x1F, 0xF5, 0x55, 0x55, 0x55, 0x55, 0x00, 0x00, 0x1F, 0xFA, 0xAA,
        0xAA, 0xAA, 0xAA, 0x80, 0x00, 0x3F, 0xFD, 0x55, 0x55, 0x55, 0x55, 0x40,
        0x00, 0x7F, 0xFE, 0xAA, 0xAA, 0xAA, 0xAA, 0xA0, 0x00, 0x7F, 0xFF, 0x54,
        0x00, 0x15, 0x55, 0x50, 0x00, 0xFF, 0xFF, 0xA8, 0x00, 0x0A, 0xAA, 0xA8,
        0x01, 0xFF, 0xFF, 0x50, 0x00, 0x05, 0x55, 0x50, 0x01, 0xFF, 0xFF, 0xA0,
        0x00, 0x00, 0xAA, 0xA8, 0x03, 0xFF, 0xFF, 0xC0, 0x00, 0x00, 0x55, 0x54,
        0x07, 0xFF, 0xFF, 0xC0, 0x00, 0x00, 0xAA, 0xA8, 0x07, 0xFF, 0xFF, 0xE0,
        0x00, 0x00, 0x55, 0x54, 0x0F, 0xFF, 0xFF, 0xF0, 0x00, 0x00, 0x2A, 0xAA,
        0x1F, 0xFF, 0xFF, 0xF0, 0x00, 0x00, 0x15, 0x54, 0x1F, 0xFF, 0xFF, 0xF8,
        0x00, 0x00, 0x0A, 0xAA, 0x3F, 0xFF, 0xFF, 0xFC, 0x00, 0x00, 0x15, 0x54,
        0x3F, 0xFF, 0xFF, 0xFC, 0x00, 0x00, 0x0A, 0xAA, 0x7F, 0xFF, 0xFF, 0xFE,
        0x00, 0x00, 0x15, 0x55, 0xFF, 0xFF, 0xFF, 0xFE, 0x00, 0x00, 0x0A, 0xAA,
        0x7F, 0xFF, 0xFD, 0xFE, 0x00, 0x00, 0x15, 0x55, 0x78, 0x7F, 0xFC, 0x3C,
        0x00, 0x00, 0x0A, 0xAA, 0x00, 0x3F, 0xFC, 0x00, 0x00, 0x00, 0x15, 0x55,
        0x00, 0x3F, 0xFE, 0x00, 0x00, 0x00, 0x0A, 0xAA, 0x00, 0x3F, 0xFE, 0x00,
        0x00, 0x00, 0x15, 0x54, 0x00, 0x3F, 0xFE, 0x00, 0x00, 0x00, 0x2A, 0xAA,
        0x00, 0x3F, 0xFF, 0x00, 0x00, 0x00, 0x15, 0x54, 0x00, 0x1F, 0xFF, 0x00,
        0x00, 0x00, 0x2A, 0xAA, 0x00, 0x1F, 0xFF, 0x80, 0x00, 0x00, 0x55, 0x54,
        0x00, 0x1F, 0xFF, 0xC0, 0x00, 0x00, 0xAA, 0xA8, 0x00, 0x0F, 0xFF, 0xC0,
        0x00, 0x01, 0x55, 0x54, 0x00, 0x0F, 0xFF, 0xF0, 0x00, 0x02, 0xAA, 0xA8,
        0x00, 0x07, 0xFF, 0xF8, 0x00, 0x05, 0x55, 0x50, 0x00, 0x07, 0xFF, 0xFE,
        0x00, 0x0A, 0xAA, 0xA0, 0x00, 0x03, 0xFF, 0xFF, 0xE1, 0x55, 0x55, 0x40,
        0x00, 0x03, 0xFF, 0xFF, 0xFE, 0xAA, 0xAA, 0xA0, 0x00, 0x01, 0xFF, 0xFF,
        0xFF, 0xD5, 0x55, 0x40, 0x00, 0x00, 0xFF, 0xFF, 0xFF, 0xEA, 0xAA, 0x80,
        0x00, 0x00, 0x7F, 0xFF, 0xFF, 0xD5, 0x55, 0x00, 0x00, 0x00, 0x3F, 0xFF,
        0xFF, 0xEA, 0xAA, 0x00, 0x00, 0x00, 0x1F, 0xFF, 0xFF, 0xF5, 0x54, 0x00,
        0x00, 0x00, 0x0F, 0xFF, 0xFF, 0xEA, 0xA8, 0x00, 0x00, 0x00, 0x07, 0xFF,
        0xFF, 0xF5, 0x50, 0x00, 0x00, 0x00, 0x01, 0xFF, 0xFF, 0xEA, 0x80, 0x00,
        0x00, 0x00, 0x00, 0x7F, 0xFF, 0xF5, 0x00, 0x00, 0x00, 0x00, 0x00, 0x1F,
        0xFF, 0xE8, 0x00, 0x00, 0x00, 0x00, 0x00, 0x03, 0xFF, 0xE0, 0x00, 0x00,
        0x00, 0x00, 0x00, 0x03, 0xFF, 0xE0, 0x00, 0x00, 0x00, 0x00, 0x00, 0x03,
        0xFF, 0xE0, 0x00, 0x00, 0x00, 0x00, 0x00, 0x03, 0xFF, 0xE0, 0x00, 0x00,
        0x00, 0x00, 0x00, 0x03, 0xFF, 0xE0, 0x00, 0x00, 0x00, 0x00, 0x00, 0x03,
        0xFF, 0xE0, 0x00, 0x00, 0x00, 0x00, 0x00, 0x03, 0xFF, 0xE0, 0x00, 0x00,
        0x00, 0x00, 0x00, 0x03, 0xFF, 0xE0, 0x00, 0x00, 0x00, 0x00, 0x00, 0x03,
        0xFF, 0xE0, 0x00, 0x00, 0x00, 0x00, 0x00, 0x03, 0xFF, 0xE0, 0x00, 0x00,
        0x00, 0x00, 0x00, 0x03, 0xFF, 0xE0, 0x00, 0x00, 0x00, 0x00, 0x00, 0x03,
        0xFF, 0xE0, 0x00, 0x00, 0x00, 0x00, 0x00, 0x03, 0xFF, 0xE0, 0x00, 0x00,
        0x00, 0x00, 0x00, 0x03, 0xFF, 0xE0, 0x00, 0x00, 0x00, 0x00, 0x00, 0x03,
        0xFF, 0xE0, 0x00, 0x00, 0x00, 0x00, 0x00, 0x03, 0xFF, 0xE0, 0x00, 0x00,
        0x00, 0x00, 0x00, 0x03, 0xFF, 0xE0, 0x00, 0x00, 0x00, 0x00, 0x00, 0x00,
        0x00, 0x00, 0x00, 0x00, 0x00, 0x00, 0x00, 0x00, 0x00, 0x00, 0x00, 0x00,
        0x00, 0x00, 0x00, 0x00, 0x00, 0x00, 0x00, 0x00,
    ]
}

ROUNDABOUT_COUNTERCLOCKWISE = {
    'w': 64, 'h': 76,
    'data': [
        0x00, 0x00, 0x00, 0x00, 0x00, 0x00, 0x00, 0x00, 0x00, 0x00, 0x00, 0x00,
        0x00, 0x00, 0x00, 0x00, 0x00, 0x00, 0x00, 0x00, 0x00, 0x00, 0x00, 0x00,
        0x00, 0x00, 0x01, 0x54, 0x00, 0x00, 0x00, 0x00, 0x00, 0x00, 0x0A, 0xAA,
        0xA0, 0x00, 0x00, 0x00, 0x00, 0x00, 0x55, 0x55, 0x54, 0x00, 0x00, 0x00,
        0x00, 0x02, 0xAA, 0xAA, 0xAA, 0x00, 0x00, 0x00, 0x00, 0x05, 0x55, 0x55,
        0x55, 0x41, 0x80, 0x00, 0x00, 0x0A, 0xAA, 0xAA, 0xAA, 0xA1, 0xC0, 0x00,
        0x00, 0x15, 0x55, 0x55, 0x55, 0x53, 0xC0, 0x00, 0x00, 0x2A, 0xAA, 0xAA,
        0xAA, 0xAF, 0xE0, 0x00, 0x00, 0x55, 0x55, 0x55, 0x55, 0x57, 0xF0, 0x00,
        0x00, 0xAA, 0xAA, 0xAA, 0xAA, 0xAF, 0xF8, 0x00, 0x01, 0x55, 0x55, 0x55,
        0x55, 0x5F, 0xF8, 0x00, 0x02, 0xAA, 0xAA, 0xAA, 0xAA, 0xBF, 0xFC, 0x00,
        0x05, 0x55, 0x55, 0x55, 0x55, 0x7F, 0xFE, 0x00, 0x0A, 0xAA, 0xA8, 0x00,
        0x2A, 0xFF, 0xFE, 0x00, 0x15, 0x55, 0x50, 0x00, 0x15, 0xFF, 0xFF, 0x00,
        0x0A, 0xAA, 0xA0, 0x00, 0x0A, 0xFF, 0xFF, 0x80, 0x15, 0x55, 0x00, 0x00,
        0x05, 0xFF, 0xFF, 0x80, 0x2A, 0xAA, 0x00, 0x00, 0x03, 0xFF, 0xFF, 0xC0,
        0x15, 0x55, 0x00, 0x00, 0x03, 0xFF, 0xFF, 0xE0, 0x2A, 0xAA, 0x00, 0x00,
        0x07, 0xFF, 0xFF, 0xE0, 0x55, 0x54, 0x00, 0x00, 0x0F, 0xFF, 0xFF, 0xF0,
        0x2A, 0xA8, 0x00, 0x00, 0x0F, 0xFF, 0xFF, 0xF8, 0x55, 0x50, 0x00, 0x00,
        0x1F, 0xFF, 0xFF, 0xF8, 0x2A, 0xA8, 0x00, 0x00, 0x3F, 0xFF, 0xFF, 0xFC,
        0x55, 0x50, 0x00, 0x00, 0x3F, 0xFF, 0xFF, 0xFC, 0xAA, 0xA8, 0x00, 0x00,
        0x7F, 0xFF, 0xFF, 0xFE, 0x55, 0x50, 0x00, 0x00, 0x7F, 0xFF, 0xFF, 0xFF,
        0xAA, 0xA8, 0x00, 0x00, 0x7F, 0xBF, 0xFF, 0xFE, 0x55, 0x50, 0x00, 0x00,
        0x3C, 0x3F, 0xFE, 0x1E, 0xAA, 0xA8, 0x00, 0x00, 0x00, 0x3F, 0xFC, 0x00,
        0x55, 0x50, 0x00, 0x00, 0x00, 0x7F, 0xFC, 0x00, 0x2A, 0xA8, 0x00, 0x00,
        0x00, 0x7F, 0xFC, 0x00, 0x55, 0x54, 0x00, 0x00, 0x00, 0x7F, 0xFC, 0x00,
        0x2A, 0xA8, 0x00, 0x00, 0x00, 0xFF, 0xFC, 0x00, 0x55, 0x54, 0x00, 0x00,
        0x00, 0xFF, 0xF8, 0x00, 0x2A, 0xAA, 0x00, 0x00, 0x01, 0xFF, 0xF8, 0x00,
        0x15, 0x55, 0x00, 0x00, 0x03, 0xFF, 0xF8, 0x00, 0x2A, 0xAA, 0x80, 0x00,
        0x03, 0xFF, 0xF0, 0x00, 0x15, 0x55, 0x40, 0x00, 0x0F, 0xFF, 0xF0, 0x00,
        0x0A, 0xAA, 0xA0, 0x00, 0x1F, 0xFF, 0xE0, 0x00, 0x05, 0x55, 0x50, 0x00,
        0x7F, 0xFF, 0xE0, 0x00, 0x02, 0xAA, 0xAA, 0x87, 0xFF, 0xFF, 0xC0, 0x00,
        0x05, 0x55, 0x55, 0x7F, 0xFF, 0xFF, 0xC0, 0x00, 0x02, 0xAA, 0xAB, 0xFF,
        0xFF, 0xFF, 0x80, 0x00, 0x01, 0x55, 0x57, 0xFF, 0xFF, 0xFF, 0x00, 0x00,
        0x00, 0xAA, 0xAB, 0xFF, 0xFF, 0xFE, 0x00, 0x00, 0x00, 0x55, 0x57, 0xFF,
        0xFF, 0xFC, 0x00, 0x00, 0x00, 0x2A, 0xAF, 0xFF, 0xFF, 0xF8, 0x00, 0x00,
        0x00, 0x15, 0x57, 0xFF, 0xFF, 0xF0, 0x00, 0x00, 0x00, 0x0A, 0xAF, 0xFF,
        0xFF, 0xE0, 0x00, 0x00, 0x00, 0x01, 0x57, 0xFF, 0xFF, 0x80, 0x00, 0x00,
        0x00, 0x00, 0xAF, 0xFF, 0xFE, 0x00, 0x00, 0x00, 0x00, 0x00, 0x17, 0xFF,
        0xF8, 0x00, 0x00, 0x00, 0x00, 0x00, 0x07, 0xFF, 0xC0, 0x00, 0x00, 0x00,
        0x00, 0x00, 0x07, 0xFF, 0xC0, 0x00, 0x00, 0x00, 0x00, 0x00, 0x07, 0xFF,
        0xC0, 0x00, 0x00, 0x00, 0x00, 0x00, 0x07, 0xFF, 0xC0, 0x00, 0x00, 0x00,
        0x00, 0x00, 0x07, 0xFF, 0xC0, 0x00, 0x00, 0x00, 0x00, 0x00, 0x07, 0xFF,
        0xC0, 0x00, 0x00, 0x00, 0x00, 0x00, 0x07, 0xFF, 0xC0, 0x00, 0x00, 0x00,
        0x00, 0x00, 0x07, 0xFF, 0xC0, 0x00, 0x00, 0x00, 0x00, 0x00, 0x07, 0xFF,
        0xC0, 0x00, 0x00, 0x00, 0x00, 0x00, 0x07, 0xFF, 0xC0, 0x00, 0x00, 0x00,
        0x00, 0x00, 0x07, 0xFF, 0xC0, 0x00, 0x00, 0x00, 0x00, 0x00, 0x07, 0xFF,
        0xC0, 0x00, 0x00, 0x00, 0x00, 0x00, 0x07, 0xFF, 0xC0, 0x00, 0x00, 0x00,
        0x00, 0x00, 0x07, 0xFF, 0xC0, 0x00, 0x00, 0x00, 0x00, 0x00, 0x07, 0xFF,
        0xC0, 0x00, 0x00, 0x00, 0x00, 0x00, 0x07, 0xFF, 0xC0, 0x00, 0x00, 0x00,
        0x00, 0x00, 0x07, 0xFF, 0xC0, 0x00, 0x00, 0x00, 0x00, 0x00, 0x00, 0x00,
        0x00, 0x00, 0x00, 0x00, 0x00, 0x00, 0x00, 0x00, 0x00, 0x00, 0x00, 0x00,
        0x00, 0x00, 0x00, 0x00, 0x00, 0x00, 0x00, 0x00,
    ]
}

ROUNDABOUT_EXIT_CLOCKWISE = {
    'w': 64, 'h': 76,
    'data': [
        0x00, 0x00, 0x00, 0x00, 0x00, 0x00, 0x00, 0x00, 0x00, 0x00, 0x00, 0x00,
        0x00, 0x00, 0x00, 0x00, 0x00, 0x00, 0x00, 0x00, 0x00, 0x00, 0x00, 0x00,
        0x00, 0x00, 0x00, 0x00, 0x00, 0x00, 0x00, 0x00, 0x00, 0x00, 0x00, 0x00,
        0x00, 0x00, 0x00, 0x00, 0x00, 0x00, 0x00, 0x00, 0x00, 0x00, 0x00, 0x00,
        0x00, 0x00, 0x00, 0x00, 0x00, 0x00, 0x00, 0x00, 0x00, 0x00, 0x00, 0x00,
        0x00, 0x00, 0x00, 0x00, 0x00, 0x00, 0x00, 0xC0, 0x00, 0x00, 0x00, 0x00,
        0x00, 0x00, 0x00, 0xC0, 0x00, 0x00, 0x00, 0x00, 0x00, 0x00, 0x01, 0xE0,
        0x00, 0x00, 0x00, 0x00, 0x00, 0x00, 0x03, 0xF0, 0x00, 0x00, 0x00, 0x00,
        0x00, 0x00, 0x07, 0xF8, 0x00, 0x00, 0x00, 0x00, 0x00, 0x00, 0x07, 0xF8,
        0x00, 0x00, 0x00, 0x00, 0x00, 0x00, 0x0F, 0xFC, 0x00, 0x00, 0x00, 0x00,
        0x00, 0x00, 0x1F, 0xFE, 0x00, 0x00, 0x00, 0x00, 0x00, 0x00, 0x1F, 0xFE,
        0x00, 0x00, 0x00, 0x00, 0x00, 0x00, 0x3F, 0xFF, 0x00, 0x00, 0x00, 0x00,
        0x00, 0x00, 0x7F, 0xFF, 0x80, 0x00, 0x00, 0x00, 0x00, 0x00, 0x7F, 0xFF,
        0x80, 0x00, 0x00, 0x00, 0x00, 0x00, 0xFF, 0xFF, 0xC0, 0x00, 0x00, 0x00,
        0x00, 0x01, 0xFF, 0xFF, 0xE0, 0x00, 0x00, 0x00, 0x00, 0x01, 0xFF, 0xFF,
        0xE0, 0x00, 0x00, 0x00, 0x00, 0x03, 0xFF, 0xFF, 0xF0, 0x00, 0x00, 0x00,
        0x00, 0x07, 0xFF, 0xFF, 0xF8, 0x00, 0x00, 0x00, 0x00, 0x07, 0xFF, 0xFF,
        0xF8, 0x00, 0x00, 0x00, 0x00, 0x0F, 0xFF, 0xFF, 0xFC, 0x00, 0x00, 0x00,
        0x00, 0x1F, 0xFF, 0xFF, 0xFC, 0x00, 0x00, 0x00, 0x00, 0x1F, 0xFF, 0xFF,
        0xFE, 0x00, 0x00, 0x00, 0x00, 0x0F, 0xDF, 0xFF, 0xFE, 0x00, 0x00, 0x00,
        0x00, 0x06, 0x1F, 0xFE, 0x18, 0x00, 0x00, 0x00, 0x00, 0x00, 0x1F, 0xFE,
        0x00, 0x00, 0x00, 0x00, 0x00, 0x00, 0x1F, 0xFC, 0x00, 0x00, 0x00, 0x00,
        0x00, 0x00, 0x1F, 0xFC, 0x00, 0x00, 0x00, 0x00, 0x00, 0x00, 0x1F, 0xFD,
        0x55, 0x40, 0x00, 0x00, 0x00, 0x00, 0x3F, 0xFE, 0xAA, 0xAA, 0x00, 0x00,
        0x00, 0x00, 0x3F, 0xFD, 0x55, 0x55, 0x40, 0x00, 0x00, 0x00, 0x7F, 0xFA,
        0xAA, 0xAA, 0xA0, 0x00, 0x00, 0x00, 0x7F, 0xFD, 0x55, 0x55, 0x54, 0x00,
        0x00, 0x00, 0xFF, 0xFA, 0xAA, 0xAA, 0xAA, 0x00, 0x00, 0x00, 0xFF, 0xF5,
        0x55, 0x55, 0x55, 0x00, 0x00, 0x01, 0xFF, 0xFA, 0xAA, 0xAA, 0xAA, 0x80,
        0x00, 0x03, 0xFF, 0xF5, 0x55, 0x55, 0x55, 0x40, 0x00, 0x07, 0xFF, 0xEA,
        0xAA, 0xAA, 0xAA, 0xA8, 0x00, 0x0F, 0xFF, 0xD5, 0x55, 0x55, 0x55, 0x50,
        0x00, 0x0F, 0xFF, 0xEA, 0x80, 0x2A, 0xAA, 0xA0, 0x00, 0x1F, 0xFF, 0xD4,
        0x00, 0x05, 0x55, 0x40, 0x00, 0x3F, 0xFF, 0xA0, 0x00, 0x00, 0xAA, 0x80,
        0x00, 0x7F, 0xFF, 0x00, 0x00, 0x00, 0x55, 0x00, 0x00, 0x7F, 0xFE, 0x00,
        0x00, 0x00, 0x2A, 0x00, 0x00, 0xFF, 0xFC, 0x00, 0x00, 0x00, 0x04, 0x00,
        0x01, 0xFF, 0xF8, 0x00, 0x00, 0x00, 0x00, 0x00, 0x01, 0xFF, 0xF0, 0x00,
        0x00, 0x00, 0x00, 0x00, 0x03, 0xFF, 0xF0, 0x00, 0x00, 0x00, 0x00, 0x00,
        0x03, 0xFF, 0xE0, 0x00, 0x00, 0x00, 0x00, 0x00, 0x07, 0xFF, 0xC0, 0x00,
        0x00, 0x00, 0x00, 0x00, 0x07, 0xFF, 0x80, 0x00, 0x00, 0x00, 0x00, 0x00,
        0x07, 0xFF, 0x80, 0x00, 0x00, 0x00, 0x00, 0x00, 0x0F, 0xFF, 0x00, 0x00,
        0x00, 0x00, 0x00, 0x00, 0x0F, 0xFF, 0x00, 0x00, 0x00, 0x00, 0x00, 0x00,
        0x0F, 0xFF, 0x00, 0x00, 0x00, 0x00, 0x00, 0x00, 0x0F, 0xFE, 0x00, 0x00,
        0x00, 0x00, 0x00, 0x00, 0x1F, 0xFE, 0x00, 0x00, 0x00, 0x00, 0x00, 0x00,
        0x1F, 0xFE, 0x00, 0x00, 0x00, 0x00, 0x00, 0x00, 0x1F, 0xFE, 0x00, 0x00,
        0x00, 0x00, 0x00, 0x00, 0x1F, 0xFC, 0x00, 0x00, 0x00, 0x00, 0x00, 0x00,
        0x1F, 0xFC, 0x00, 0x00, 0x00, 0x00, 0x00, 0x00, 0x1F, 0xFC, 0x00, 0x00,
        0x00, 0x00, 0x00, 0x00, 0x00, 0x00, 0x00, 0x00, 0x00, 0x00, 0x00, 0x00,
        0x00, 0x00, 0x00, 0x00, 0x00, 0x00, 0x00, 0x00, 0x00, 0x00, 0x00, 0x00,
        0x00, 0x00, 0x00, 0x00, 0x00, 0x00, 0x00, 0x00, 0x00, 0x00, 0x00, 0x00,
        0x00, 0x00, 0x00, 0x00, 0x00, 0x00, 0x00, 0x00, 0x00, 0x00, 0x00, 0x00,
        0x00, 0x00, 0x00, 0x00, 0x00, 0x00, 0x00, 0x00, 0x00, 0x00, 0x00, 0x00,
        0x00, 0x00, 0x00, 0x00, 0x00, 0x00, 0x00, 0x00,
    ]
}

ROUNDABOUT_EXIT_COUNTERCLOCKWISE = {
    'w': 64, 'h': 76,
    'data': [
        0x00, 0x00, 0x00, 0x00, 0x00, 0x00, 0x00, 0x00, 0x00, 0x00, 0x00, 0x00,
        0x00, 0x00, 0x00, 0x00, 0x00, 0x00, 0x00, 0x00, 0x00, 0x00, 0x00, 0x00,
        0x00, 0x00, 0x00, 0x00, 0x00, 0x00, 0x00, 0x00, 0x00, 0x00, 0x00, 0x00,
        0x00, 0x00, 0x00, 0x00, 0x00, 0x00, 0x00, 0x00, 0x00, 0x00, 0x00, 0x00,
        0x00, 0x00, 0x00, 0x00, 0x00, 0x00, 0x00, 0x00, 0x00, 0x00, 0x00, 0x00,
        0x00, 0x00, 0x00, 0x00, 0x00, 0x00, 0x00, 0x00, 0x03, 0x00, 0x00, 0x00,
        0x00, 0x00, 0x00, 0x00, 0x03, 0x00, 0x00, 0x00, 0x00, 0x00, 0x00, 0x00,
        0x07, 0x80, 0x00, 0x00, 0x00, 0x00, 0x00, 0x00, 0x0F, 0xC0, 0x00, 0x00,
        0x00, 0x00, 0x00, 0x00, 0x1F, 0xE0, 0x00, 0x00, 0x00, 0x00, 0x00, 0x00,
        0x1F, 0xE0, 0x00, 0x00, 0x00, 0x00, 0x00, 0x00, 0x3F, 0xF0, 0x00, 0x00,
        0x00, 0x00, 0x00, 0x00, 0x7F, 0xF8, 0x00, 0x00, 0x00, 0x00, 0x00, 0x00,
        0x7F, 0xF8, 0x00, 0x00, 0x00, 0x00, 0x00, 0x00, 0xFF, 0xFC, 0x00, 0x00,
        0x00, 0x00, 0x00, 0x01, 0xFF, 0xFE, 0x00, 0x00, 0x00, 0x00, 0x00, 0x01,
        0xFF, 0xFE, 0x00, 0x00, 0x00, 0x00, 0x00, 0x03, 0xFF, 0xFF, 0x00, 0x00,
        0x00, 0x00, 0x00, 0x07, 0xFF, 0xFF, 0x80, 0x00, 0x00, 0x00, 0x00, 0x07,
        0xFF, 0xFF, 0x80, 0x00, 0x00, 0x00, 0x00, 0x0F, 0xFF, 0xFF, 0xC0, 0x00,
        0x00, 0x00, 0x00, 0x1F, 0xFF, 0xFF, 0xE0, 0x00, 0x00, 0x00, 0x00, 0x1F,
        0xFF, 0xFF, 0xE0, 0x00, 0x00, 0x00, 0x00, 0x3F, 0xFF, 0xFF, 0xF0, 0x00,
        0x00, 0x00, 0x00, 0x3F, 0xFF, 0xFF, 0xF8, 0x00, 0x00, 0x00, 0x00, 0x7F,
        0xFF, 0xFF, 0xF8, 0x00, 0x00, 0x00, 0x00, 0x7F, 0xFF, 0xFB, 0xF0, 0x00,
        0x00, 0x00, 0x00, 0x18, 0x7F, 0xF8, 0x60, 0x00, 0x00, 0x00, 0x00, 0x00,
        0x7F, 0xF8, 0x00, 0x00, 0x00, 0x00, 0x00, 0x00, 0x3F, 0xF8, 0x00, 0x00,
        0x00, 0x00, 0x00, 0x00, 0x3F, 0xF8, 0x00, 0x00, 0x00, 0x00, 0x02, 0xAA,
        0xBF, 0xF8, 0x00, 0x00, 0x00, 0x00, 0x55, 0x55, 0x7F, 0xFC, 0x00, 0x00,
        0x00, 0x02, 0xAA, 0xAA, 0xBF, 0xFC, 0x00, 0x00, 0x00, 0x05, 0x55, 0x55,
        0x5F, 0xFE, 0x00, 0x00, 0x00, 0x2A, 0xAA, 0xAA, 0xBF, 0xFE, 0x00, 0x00,
        0x00, 0x55, 0x55, 0x55, 0x5F, 0xFF, 0x00, 0x00, 0x00, 0xAA, 0xAA, 0xAA,
        0xAF, 0xFF, 0x00, 0x00, 0x01, 0x55, 0x55, 0x55, 0x5F, 0xFF, 0x80, 0x00,
        0x02, 0xAA, 0xAA, 0xAA, 0xAF, 0xFF, 0xC0, 0x00, 0x15, 0x55, 0x55, 0x55,
        0x57, 0xFF, 0xE0, 0x00, 0x0A, 0xAA, 0xAA, 0xAA, 0xAB, 0xFF, 0xF0, 0x00,
        0x05, 0x55, 0x54, 0x01, 0x57, 0xFF, 0xF0, 0x00, 0x02, 0xAA, 0xA0, 0x00,
        0x2B, 0xFF, 0xF8, 0x00, 0x01, 0x55, 0x00, 0x00, 0x05, 0xFF, 0xFC, 0x00,
        0x00, 0xAA, 0x00, 0x00, 0x00, 0xFF, 0xFE, 0x00, 0x00, 0x54, 0x00, 0x00,
        0x00, 0x7F, 0xFE, 0x00, 0x00, 0x20, 0x00, 0x00, 0x00, 0x3F, 0xFF, 0x00,
        0x00, 0x00, 0x00, 0x00, 0x00, 0x1F, 0xFF, 0x80, 0x00, 0x00, 0x00, 0x00,
        0x00, 0x0F, 0xFF, 0x80, 0x00, 0x00, 0x00, 0x00, 0x00, 0x0F, 0xFF, 0xC0,
        0x00, 0x00, 0x00, 0x00, 0x00, 0x07, 0xFF, 0xC0, 0x00, 0x00, 0x00, 0x00,
        0x00, 0x03, 0xFF, 0xE0, 0x00, 0x00, 0x00, 0x00, 0x00, 0x01, 0xFF, 0xE0,
        0x00, 0x00, 0x00, 0x00, 0x00, 0x01, 0xFF, 0xE0, 0x00, 0x00, 0x00, 0x00,
        0x00, 0x00, 0xFF, 0xF0, 0x00, 0x00, 0x00, 0x00, 0x00, 0x00, 0xFF, 0xF0,
        0x00, 0x00, 0x00, 0x00, 0x00, 0x00, 0xFF, 0xF0, 0x00, 0x00, 0x00, 0x00,
        0x00, 0x00, 0x7F, 0xF0, 0x00, 0x00, 0x00, 0x00, 0x00, 0x00, 0x7F, 0xF8,
        0x00, 0x00, 0x00, 0x00, 0x00, 0x00, 0x7F, 0xF8, 0x00, 0x00, 0x00, 0x00,
        0x00, 0x00, 0x7F, 0xF8, 0x00, 0x00, 0x00, 0x00, 0x00, 0x00, 0x3F, 0xF8,
        0x00, 0x00, 0x00, 0x00, 0x00, 0x00, 0x3F, 0xF8, 0x00, 0x00, 0x00, 0x00,
        0x00, 0x00, 0x3F, 0xF8, 0x00, 0x00, 0x00, 0x00, 0x00, 0x00, 0x00, 0x00,
        0x00, 0x00, 0x00, 0x00, 0x00, 0x00, 0x00, 0x00, 0x00, 0x00, 0x00, 0x00,
        0x00, 0x00, 0x00, 0x00, 0x00, 0x00, 0x00, 0x00, 0x00, 0x00, 0x00, 0x00,
        0x00, 0x00, 0x00, 0x00, 0x00, 0x00, 0x00, 0x00, 0x00, 0x00, 0x00, 0x00,
        0x00, 0x00, 0x00, 0x00, 0x00, 0x00, 0x00, 0x00, 0x00, 0x00, 0x00, 0x00,
        0x00, 0x00, 0x00, 0x00, 0x00, 0x00, 0x00, 0x00,
    ]
}

ROUNDABOUT_LEFT_CLOCKWISE = {
    'w': 64, 'h': 76,
    'data': [
        0x00, 0x00, 0x00, 0x00, 0x00, 0x00, 0x00, 0x00, 0x00, 0x00, 0x00, 0x00,
        0x00, 0x00, 0x00, 0x00, 0x00, 0x00, 0x00, 0x00, 0x00, 0x00, 0x00, 0x00,
        0x00, 0x00, 0x00, 0x00, 0x00, 0x00, 0x00, 0x00, 0x00, 0x00, 0x00, 0x00,
        0x00, 0x00, 0x00, 0x00, 0x00, 0x00, 0x00, 0x00, 0x01, 0x55, 0x00, 0x00,
        0x00, 0x00, 0x00, 0x00, 0x0A, 0xAA, 0xA0, 0x00, 0x00, 0x00, 0x00, 0x00,
        0x15, 0x55, 0x54, 0x00, 0x00, 0x00, 0x00, 0x00, 0xAA, 0xAA, 0xAA, 0x00,
        0x00, 0x00, 0x00, 0x01, 0x55, 0x55, 0x55, 0x00, 0x00, 0x00, 0x00, 0x02,
        0xAA, 0xAA, 0xAA, 0x80, 0x00, 0x00, 0x00, 0x05, 0x55, 0x55, 0x55, 0x40,
        0x00, 0x00, 0xF0, 0x0A, 0xAA, 0xAA, 0xAA, 0xA0, 0x00, 0x03, 0xF0, 0x15,
        0x55, 0x55, 0x55, 0x50, 0x00, 0x07, 0xF0, 0x2A, 0xAA, 0xAA, 0xAA, 0xA8,
        0x00, 0x1F, 0xF0, 0x15, 0x55, 0x55, 0x55, 0x50, 0x00, 0x3F, 0xF0, 0x2A,
        0xAA, 0x82, 0xAA, 0xA8, 0x00, 0xFF, 0xE0, 0x55, 0x54, 0x00, 0x55, 0x54,
        0x01, 0xFF, 0xE0, 0xAA, 0xA8, 0x00, 0x2A, 0xAA, 0x07, 0xFF, 0xE0, 0x55,
        0x50, 0x00, 0x15, 0x54, 0x0F, 0xFF, 0xFF, 0xFF, 0xA0, 0x00, 0x0A, 0xAA,
        0x3F, 0xFF, 0xFF, 0xFF, 0xC0, 0x00, 0x05, 0x55, 0x7F, 0xFF, 0xFF, 0xFF,
        0xE0, 0x00, 0x0A, 0xAA, 0xFF, 0xFF, 0xFF, 0xFF, 0xC0, 0x00, 0x05, 0x55,
        0xFF, 0xFF, 0xFF, 0xFF, 0xC0, 0x00, 0x02, 0xAA, 0xFF, 0xFF, 0xFF, 0xFF,
        0xC0, 0x00, 0x05, 0x55, 0xFF, 0xFF, 0xFF, 0xFF, 0xE0, 0x00, 0x02, 0xAA,
        0xFF, 0xFF, 0xFF, 0xFF, 0xE0, 0x00, 0x05, 0x55, 0x7F, 0xFF, 0xFF, 0xFF,
        0xE0, 0x00, 0x0A, 0xAA, 0x1F, 0xFF, 0xFF, 0xFF, 0xE0, 0x00, 0x05, 0x55,
        0x0F, 0xFF, 0xFF, 0xFF, 0xF0, 0x00, 0x0A, 0xAA, 0x03, 0xFF, 0xE0, 0xFF,
        0xF8, 0x00, 0x15, 0x54, 0x01, 0xFF, 0xE0, 0x7F, 0xFC, 0x00, 0x2A, 0xAA,
        0x00, 0x7F, 0xE0, 0x7F, 0xFF, 0x00, 0x55, 0x54, 0x00, 0x3F, 0xF0, 0x3F,
        0xFF, 0xF2, 0xAA, 0xA8, 0x00, 0x0F, 0xF0, 0x3F, 0xFF, 0xFF, 0x55, 0x50,
        0x00, 0x07, 0xF0, 0x1F, 0xFF, 0xFF, 0xAA, 0xA8, 0x00, 0x01, 0xF0, 0x1F,
        0xFF, 0xFF, 0x55, 0x50, 0x00, 0x00, 0x70, 0x0F, 0xFF, 0xFF, 0xAA, 0xA0,
        0x00, 0x00, 0x00, 0x07, 0xFF, 0xFF, 0xD5, 0x40, 0x00, 0x00, 0x00, 0x03,
        0xFF, 0xFF, 0xAA, 0x80, 0x00, 0x00, 0x00, 0x01, 0xFF, 0xFF, 0xD5, 0x00,
        0x00, 0x00, 0x00, 0x00, 0x7F, 0xFF, 0xA8, 0x00, 0x00, 0x00, 0x00, 0x00,
        0x3F, 0xFF, 0xD0, 0x00, 0x00, 0x00, 0x00, 0x00, 0x07, 0xFF, 0xA0, 0x00,
        0x00, 0x00, 0x00, 0x00, 0x03, 0xFF, 0x80, 0x00, 0x00, 0x00, 0x00, 0x00,
        0x03, 0xFF, 0x80, 0x00, 0x00, 0x00, 0x00, 0x00, 0x03, 0xFF, 0x80, 0x00,
        0x00, 0x00, 0x00, 0x00, 0x03, 0xFF, 0x80, 0x00, 0x00, 0x00, 0x00, 0x00,
        0x03, 0xFF, 0x80, 0x00, 0x00, 0x00, 0x00, 0x00, 0x03, 0xFF, 0x80, 0x00,
        0x00, 0x00, 0x00, 0x00, 0x03, 0xFF, 0x80, 0x00, 0x00, 0x00, 0x00, 0x00,
        0x03, 0xFF, 0x80, 0x00, 0x00, 0x00, 0x00, 0x00, 0x03, 0xFF, 0x80, 0x00,
        0x00, 0x00, 0x00, 0x00, 0x03, 0xFF, 0x80, 0x00, 0x00, 0x00, 0x00, 0x00,
        0x03, 0xFF, 0x80, 0x00, 0x00, 0x00, 0x00, 0x00, 0x03, 0xFF, 0x80, 0x00,
        0x00, 0x00, 0x00, 0x00, 0x03, 0xFF, 0x80, 0x00, 0x00, 0x00, 0x00, 0x00,
        0x03, 0xFF, 0x80, 0x00, 0x00, 0x00, 0x00, 0x00, 0x03, 0xFF, 0x80, 0x00,
        0x00, 0x00, 0x00, 0x00, 0x03, 0xFF, 0x80, 0x00, 0x00, 0x00, 0x00, 0x00,
        0x03, 0xFF, 0x80, 0x00, 0x00, 0x00, 0x00, 0x00, 0x03, 0xFF, 0x80, 0x00,
        0x00, 0x00, 0x00, 0x00, 0x03, 0xFF, 0x80, 0x00, 0x00, 0x00, 0x00, 0x00,
        0x03, 0xFF, 0x80, 0x00, 0x00, 0x00, 0x00, 0x00, 0x03, 0xFF, 0x80, 0x00,
        0x00, 0x00, 0x00, 0x00, 0x03, 0xFF, 0x80, 0x00, 0x00, 0x00, 0x00, 0x00,
        0x03, 0xFF, 0x80, 0x00, 0x00, 0x00, 0x00, 0x00, 0x03, 0xFF, 0x80, 0x00,
        0x00, 0x00, 0x00, 0x00, 0x00, 0x00, 0x00, 0x00, 0x00, 0x00, 0x00, 0x00,
        0x00, 0x00, 0x00, 0x00, 0x00, 0x00, 0x00, 0x00, 0x00, 0x00, 0x00, 0x00,
        0x00, 0x00, 0x00, 0x00, 0x00, 0x00, 0x00, 0x00, 0x00, 0x00, 0x00, 0x00,
        0x00, 0x00, 0x00, 0x00, 0x00, 0x00, 0x00, 0x00, 0x00, 0x00, 0x00, 0x00,
        0x00, 0x00, 0x00, 0x00, 0x00, 0x00, 0x00, 0x00,
    ]
}

ROUNDABOUT_LEFT_COUNTERCLOCKWISE = {
    'w': 64, 'h': 76,
    'data': [
        0x00, 0x00, 0x00, 0x00, 0x00, 0x00, 0x00, 0x00, 0x00, 0x00, 0x00, 0x00,
        0x00, 0x00, 0x00, 0x00, 0x00, 0x00, 0x00, 0x00, 0x00, 0x00, 0x00, 0x00,
        0x00, 0x00, 0x00, 0x00, 0x00, 0x7F, 0xC0, 0x00, 0x00, 0x00, 0x00, 0x00,
        0x03, 0xFF, 0xF8, 0x00, 0x00, 0x00, 0x00, 0x00, 0x1F, 0xFF, 0xFE, 0x00,
        0x00, 0x00, 0x00, 0x00, 0x3F, 0xFF, 0xFF, 0x80, 0x00, 0x00, 0x00, 0x00,
        0xFF, 0xFF, 0xFF, 0xC0, 0x00, 0x00, 0x00, 0x01, 0xFF, 0xFF, 0xFF, 0xE0,
        0x00, 0x00, 0x00, 0x03, 0xFF, 0xFF, 0xFF, 0xF8, 0x00, 0x00, 0x00, 0x07,
        0xFF, 0xFF, 0xFF, 0xFC, 0x00, 0x00, 0xF0, 0x0F, 0xFF, 0xFF, 0xFF, 0xFC,
        0x00, 0x01, 0xF0, 0x0F, 0xFF, 0xFF, 0xFF, 0xFE, 0x00, 0x07, 0xF0, 0x1F,
        0xFF, 0xFF, 0xFF, 0xFF, 0x00, 0x1F, 0xF0, 0x3F, 0xFF, 0xF3, 0xFF, 0xFF,
        0x00, 0x3F, 0xF0, 0x3F, 0xFF, 0x80, 0x3F, 0xFF, 0x00, 0x7F, 0xE0, 0x7F,
        0xFE, 0x00, 0x1F, 0xFF, 0x01, 0xFF, 0xE0, 0x7F, 0xFC, 0x00, 0x0F, 0xFF,
        0x03, 0xFF, 0xE0, 0xFF, 0xF8, 0x00, 0x07, 0xFF, 0x0F, 0xFF, 0xFF, 0xFF,
        0xF0, 0x00, 0x03, 0xFF, 0x1F, 0xFF, 0xFF, 0xFF, 0xF0, 0x00, 0x03, 0xFF,
        0x7F, 0xFF, 0xFF, 0xFF, 0xF0, 0x00, 0x01, 0xFF, 0xFF, 0xFF, 0xFF, 0xFF,
        0xE0, 0x00, 0x01, 0xFF, 0xFF, 0xFF, 0xFF, 0xFF, 0xE0, 0x00, 0x01, 0xFF,
        0xFF, 0xFF, 0xFF, 0xFF, 0xE0, 0x00, 0x01, 0xFF, 0xFF, 0xFF, 0xFF, 0xFF,
        0xE0, 0x00, 0x01, 0xFF, 0xFF, 0xFF, 0xFF, 0xFF, 0xE0, 0x00, 0x01, 0xFF,
        0x7F, 0xFF, 0xFF, 0xFF, 0xC0, 0x00, 0x01, 0xFF, 0x3F, 0xFF, 0xFF, 0xFF,
        0xA0, 0x00, 0x01, 0xFF, 0x0F, 0xFF, 0xFF, 0xFF, 0x50, 0x00, 0x03, 0xFF,
        0x07, 0xFF, 0xF0, 0xAA, 0xA8, 0x00, 0x03, 0xFF, 0x01, 0xFF, 0xE0, 0x55,
        0x54, 0x00, 0x07, 0xFF, 0x00, 0xFF, 0xE0, 0x2A, 0xAA, 0x00, 0x0F, 0xFF,
        0x00, 0x3F, 0xE0, 0x15, 0x55, 0x00, 0x3F, 0xFF, 0x00, 0x1F, 0xF0, 0x2A,
        0xAA, 0x80, 0xFF, 0xFF, 0x00, 0x07, 0xF0, 0x15, 0x55, 0x5F, 0xFF, 0xFF,
        0x00, 0x03, 0xF0, 0x0A, 0xAA, 0xBF, 0xFF, 0xFE, 0x00, 0x00, 0xF0, 0x05,
        0x55, 0x7F, 0xFF, 0xFE, 0x00, 0x00, 0x60, 0x02, 0xAA, 0xFF, 0xFF, 0xFC,
        0x00, 0x00, 0x00, 0x01, 0x55, 0xFF, 0xFF, 0xF8, 0x00, 0x00, 0x00, 0x00,
        0xAA, 0xFF, 0xFF, 0xF0, 0x00, 0x00, 0x00, 0x00, 0x55, 0xFF, 0xFF, 0xE0,
        0x00, 0x00, 0x00, 0x00, 0x2A, 0xFF, 0xFF, 0x80, 0x00, 0x00, 0x00, 0x00,
        0x15, 0xFF, 0xFE, 0x00, 0x00, 0x00, 0x00, 0x00, 0x02, 0xFF, 0xF8, 0x00,
        0x00, 0x00, 0x00, 0x00, 0x00, 0xFF, 0xE0, 0x00, 0x00, 0x00, 0x00, 0x00,
        0x00, 0xFF, 0xE0, 0x00, 0x00, 0x00, 0x00, 0x00, 0x00, 0xFF, 0xE0, 0x00,
        0x00, 0x00, 0x00, 0x00, 0x00, 0xFF, 0xE0, 0x00, 0x00, 0x00, 0x00, 0x00,
        0x00, 0xFF, 0xE0, 0x00, 0x00, 0x00, 0x00, 0x00, 0x00, 0xFF, 0xE0, 0x00,
        0x00, 0x00, 0x00, 0x00, 0x00, 0xFF, 0xE0, 0x00, 0x00, 0x00, 0x00, 0x00,
        0x00, 0xFF, 0xE0, 0x00, 0x00, 0x00, 0x00, 0x00, 0x00, 0xFF, 0xE0, 0x00,
        0x00, 0x00, 0x00, 0x00, 0x00, 0xFF, 0xE0, 0x00, 0x00, 0x00, 0x00, 0x00,
        0x00, 0xFF, 0xE0, 0x00, 0x00, 0x00, 0x00, 0x00, 0x00, 0xFF, 0xE0, 0x00,
        0x00, 0x00, 0x00, 0x00, 0x00, 0xFF, 0xE0, 0x00, 0x00, 0x00, 0x00, 0x00,
        0x00, 0xFF, 0xE0, 0x00, 0x00, 0x00, 0x00, 0x00, 0x00, 0xFF, 0xE0, 0x00,
        0x00, 0x00, 0x00, 0x00, 0x00, 0xFF, 0xE0, 0x00, 0x00, 0x00, 0x00, 0x00,
        0x00, 0xFF, 0xE0, 0x00, 0x00, 0x00, 0x00, 0x00, 0x00, 0xFF, 0xE0, 0x00,
        0x00, 0x00, 0x00, 0x00, 0x00, 0xFF, 0xE0, 0x00, 0x00, 0x00, 0x00, 0x00,
        0x00, 0xFF, 0xE0, 0x00, 0x00, 0x00, 0x00, 0x00, 0x00, 0xFF, 0xE0, 0x00,
        0x00, 0x00, 0x00, 0x00, 0x00, 0xFF, 0xE0, 0x00, 0x00, 0x00, 0x00, 0x00,
        0x00, 0xFF, 0xE0, 0x00, 0x00, 0x00, 0x00, 0x00, 0x00, 0xFF, 0xE0, 0x00,
        0x00, 0x00, 0x00, 0x00, 0x00, 0xFF, 0xE0, 0x00, 0x00, 0x00, 0x00, 0x00,
        0x00, 0xFF, 0xE0, 0x00, 0x00, 0x00, 0x00, 0x00, 0x00, 0x00, 0x00, 0x00,
        0x00, 0x00, 0x00, 0x00, 0x00, 0x00, 0x00, 0x00, 0x00, 0x00, 0x00, 0x00,
        0x00, 0x00, 0x00, 0x00, 0x00, 0x00, 0x00, 0x00, 0x00, 0x00, 0x00, 0x00,
        0x00, 0x00, 0x00, 0x00, 0x00, 0x00, 0x00, 0x00,
    ]
}

ROUNDABOUT_RIGHT_CLOCKWISE = {
    'w': 64, 'h': 76,
    'data': [
        0x00, 0x00, 0x00, 0x00, 0x00, 0x00, 0x00, 0x00, 0x00, 0x00, 0x00, 0x00,
        0x00, 0x00, 0x00, 0x00, 0x00, 0x00, 0x00, 0x00, 0x00, 0x00, 0x00, 0x00,
        0x00, 0x03, 0xFE, 0x00, 0x00, 0x00, 0x00, 0x00, 0x00, 0x1F, 0xFF, 0xC0,
        0x00, 0x00, 0x00, 0x00, 0x00, 0x7F, 0xFF, 0xF8, 0x00, 0x00, 0x00, 0x00,
        0x01, 0xFF, 0xFF, 0xFC, 0x00, 0x00, 0x00, 0x00, 0x03, 0xFF, 0xFF, 0xFF,
        0x00, 0x00, 0x00, 0x00, 0x07, 0xFF, 0xFF, 0xFF, 0x80, 0x00, 0x00, 0x00,
        0x1F, 0xFF, 0xFF, 0xFF, 0xC0, 0x00, 0x00, 0x00, 0x3F, 0xFF, 0xFF, 0xFF,
        0xE0, 0x00, 0x00, 0x00, 0x3F, 0xFF, 0xFF, 0xFF, 0xF0, 0x0F, 0x00, 0x00,
        0x7F, 0xFF, 0xFF, 0xFF, 0xF0, 0x0F, 0x80, 0x00, 0xFF, 0xFF, 0xFF, 0xFF,
        0xF8, 0x0F, 0xE0, 0x00, 0xFF, 0xFF, 0xCF, 0xFF, 0xFC, 0x0F, 0xF8, 0x00,
        0xFF, 0xFC, 0x01, 0xFF, 0xFC, 0x0F, 0xFC, 0x00, 0xFF, 0xF8, 0x00, 0x7F,
        0xFE, 0x07, 0xFE, 0x00, 0xFF, 0xF0, 0x00, 0x3F, 0xFE, 0x07, 0xFF, 0x80,
        0xFF, 0xE0, 0x00, 0x1F, 0xFF, 0x07, 0xFF, 0xC0, 0xFF, 0xC0, 0x00, 0x0F,
        0xFF, 0xFF, 0xFF, 0xF0, 0xFF, 0xC0, 0x00, 0x0F, 0xFF, 0xFF, 0xFF, 0xF8,
        0xFF, 0x80, 0x00, 0x0F, 0xFF, 0xFF, 0xFF, 0xFE, 0xFF, 0x80, 0x00, 0x07,
        0xFF, 0xFF, 0xFF, 0xFF, 0xFF, 0x80, 0x00, 0x07, 0xFF, 0xFF, 0xFF, 0xFF,
        0xFF, 0x80, 0x00, 0x07, 0xFF, 0xFF, 0xFF, 0xFF, 0xFF, 0x80, 0x00, 0x07,
        0xFF, 0xFF, 0xFF, 0xFF, 0xFF, 0x80, 0x00, 0x07, 0xFF, 0xFF, 0xFF, 0xFF,
        0xFF, 0x80, 0x00, 0x03, 0xFF, 0xFF, 0xFF, 0xFE, 0xFF, 0x80, 0x00, 0x05,
        0xFF, 0xFF, 0xFF, 0xFC, 0xFF, 0xC0, 0x00, 0x0A, 0xFF, 0xFF, 0xFF, 0xF0,
        0xFF, 0xC0, 0x00, 0x15, 0x55, 0x0F, 0xFF, 0xE0, 0xFF, 0xE0, 0x00, 0x2A,
        0xAA, 0x07, 0xFF, 0x80, 0xFF, 0xF0, 0x00, 0x55, 0x54, 0x07, 0xFF, 0x00,
        0xFF, 0xFC, 0x00, 0xAA, 0xA8, 0x07, 0xFC, 0x00, 0xFF, 0xFF, 0x01, 0x55,
        0x54, 0x0F, 0xF8, 0x00, 0xFF, 0xFF, 0xFA, 0xAA, 0xA8, 0x0F, 0xE0, 0x00,
        0x7F, 0xFF, 0xFD, 0x55, 0x50, 0x0F, 0xC0, 0x00, 0x7F, 0xFF, 0xFE, 0xAA,
        0xA0, 0x0F, 0x00, 0x00, 0x3F, 0xFF, 0xFF, 0x55, 0x40, 0x06, 0x00, 0x00,
        0x1F, 0xFF, 0xFF, 0xAA, 0x80, 0x00, 0x00, 0x00, 0x0F, 0xFF, 0xFF, 0x55,
        0x00, 0x00, 0x00, 0x00, 0x07, 0xFF, 0xFF, 0xAA, 0x00, 0x00, 0x00, 0x00,
        0x01, 0xFF, 0xFF, 0x54, 0x00, 0x00, 0x00, 0x00, 0x00, 0x7F, 0xFF, 0xA8,
        0x00, 0x00, 0x00, 0x00, 0x00, 0x1F, 0xFF, 0x40, 0x00, 0x00, 0x00, 0x00,
        0x00, 0x07, 0xFF, 0x00, 0x00, 0x00, 0x00, 0x00, 0x00, 0x07, 0xFF, 0x00,
        0x00, 0x00, 0x00, 0x00, 0x00, 0x07, 0xFF, 0x00, 0x00, 0x00, 0x00, 0x00,
        0x00, 0x07, 0xFF, 0x00, 0x00, 0x00, 0x00, 0x00, 0x00, 0x07, 0xFF, 0x00,
        0x00, 0x00, 0x00, 0x00, 0x00, 0x07, 0xFF, 0x00, 0x00, 0x00, 0x00, 0x00,
        0x00, 0x07, 0xFF, 0x00, 0x00, 0x00, 0x00, 0x00, 0x00, 0x07, 0xFF, 0x00,
        0x00, 0x00, 0x00, 0x00, 0x00, 0x07, 0xFF, 0x00, 0x00, 0x00, 0x00, 0x00,
        0x00, 0x07, 0xFF, 0x00, 0x00, 0x00, 0x00, 0x00, 0x00, 0x07, 0xFF, 0x00,
        0x00, 0x00, 0x00, 0x00, 0x00, 0x07, 0xFF, 0x00, 0x00, 0x00, 0x00, 0x00,
        0x00, 0x07, 0xFF, 0x00, 0x00, 0x00, 0x00, 0x00, 0x00, 0x07, 0xFF, 0x00,
        0x00, 0x00, 0x00, 0x00, 0x00, 0x07, 0xFF, 0x00, 0x00, 0x00, 0x00, 0x00,
        0x00, 0x07, 0xFF, 0x00, 0x00, 0x00, 0x00, 0x00, 0x00, 0x07, 0xFF, 0x00,
        0x00, 0x00, 0x00, 0x00, 0x00, 0x07, 0xFF, 0x00, 0x00, 0x00, 0x00, 0x00,
        0x00, 0x07, 0xFF, 0x00, 0x00, 0x00, 0x00, 0x00, 0x00, 0x07, 0xFF, 0x00,
        0x00, 0x00, 0x00, 0x00, 0x00, 0x07, 0xFF, 0x00, 0x00, 0x00, 0x00, 0x00,
        0x00, 0x07, 0xFF, 0x00, 0x00, 0x00, 0x00, 0x00, 0x00, 0x07, 0xFF, 0x00,
        0x00, 0x00, 0x00, 0x00, 0x00, 0x07, 0xFF, 0x00, 0x00, 0x00, 0x00, 0x00,
        0x00, 0x07, 0xFF, 0x00, 0x00, 0x00, 0x00, 0x00, 0x00, 0x07, 0xFF, 0x00,
        0x00, 0x00, 0x00, 0x00, 0x00, 0x00, 0x00, 0x00, 0x00, 0x00, 0x00, 0x00,
        0x00, 0x00, 0x00, 0x00, 0x00, 0x00, 0x00, 0x00, 0x00, 0x00, 0x00, 0x00,
        0x00, 0x00, 0x00, 0x00, 0x00, 0x00, 0x00, 0x00, 0x00, 0x00, 0x00, 0x00,
        0x00, 0x00, 0x00, 0x00, 0x00, 0x00, 0x00, 0x00,
    ]
}

ROUNDABOUT_RIGHT_COUNTERCLOCKWISE = {
    'w': 64, 'h': 76,
    'data': [
        0x00, 0x00, 0x00, 0x00, 0x00, 0x00, 0x00, 0x00, 0x00, 0x00, 0x00, 0x00,
        0x00, 0x00, 0x00, 0x00, 0x00, 0x00, 0x00, 0x00, 0x00, 0x00, 0x00, 0x00,
        0x00, 0x00, 0x00, 0x00, 0x00, 0x00, 0x00, 0x00, 0x00, 0x00, 0x00, 0x00,
        0x00, 0x00, 0x00, 0x00, 0x00, 0x00, 0xAA, 0x80, 0x00, 0x00, 0x00, 0x00,
        0x00, 0x05, 0x55, 0x50, 0x00, 0x00, 0x00, 0x00, 0x00, 0x2A, 0xAA, 0xA8,
        0x00, 0x00, 0x00, 0x00, 0x00, 0x55, 0x55, 0x55, 0x00, 0x00, 0x00, 0x00,
        0x00, 0xAA, 0xAA, 0xAA, 0x80, 0x00, 0x00, 0x00, 0x01, 0x55, 0x55, 0x55,
        0x40, 0x00, 0x00, 0x00, 0x02, 0xAA, 0xAA, 0xAA, 0xA0, 0x00, 0x00, 0x00,
        0x05, 0x55, 0x55, 0x55, 0x50, 0x0F, 0x00, 0x00, 0x0A, 0xAA, 0xAA, 0xAA,
        0xA8, 0x0F, 0xC0, 0x00, 0x15, 0x55, 0x55, 0x55, 0x54, 0x0F, 0xE0, 0x00,
        0x0A, 0xAA, 0xAA, 0xAA, 0xA8, 0x0F, 0xF8, 0x00, 0x15, 0x55, 0x41, 0x55,
        0x54, 0x0F, 0xFC, 0x00, 0x2A, 0xAA, 0x00, 0x2A, 0xAA, 0x07, 0xFF, 0x00,
        0x55, 0x54, 0x00, 0x15, 0x55, 0x07, 0xFF, 0x80, 0x2A, 0xA8, 0x00, 0x0A,
        0xAA, 0x07, 0xFF, 0xE0, 0x55, 0x50, 0x00, 0x05, 0xFF, 0xFF, 0xFF, 0xF0,
        0xAA, 0xA0, 0x00, 0x03, 0xFF, 0xFF, 0xFF, 0xFC, 0x55, 0x50, 0x00, 0x07,
        0xFF, 0xFF, 0xFF, 0xFE, 0xAA, 0xA0, 0x00, 0x03, 0xFF, 0xFF, 0xFF, 0xFF,
        0x55, 0x40, 0x00, 0x03, 0xFF, 0xFF, 0xFF, 0xFF, 0xAA, 0xA0, 0x00, 0x03,
        0xFF, 0xFF, 0xFF, 0xFF, 0x55, 0x40, 0x00, 0x07, 0xFF, 0xFF, 0xFF, 0xFF,
        0xAA, 0xA0, 0x00, 0x07, 0xFF, 0xFF, 0xFF, 0xFF, 0x55, 0x50, 0x00, 0x07,
        0xFF, 0xFF, 0xFF, 0xFE, 0xAA, 0xA0, 0x00, 0x07, 0xFF, 0xFF, 0xFF, 0xF8,
        0x55, 0x50, 0x00, 0x0F, 0xFF, 0xFF, 0xFF, 0xF0, 0x2A, 0xA8, 0x00, 0x1F,
        0xFF, 0x07, 0xFF, 0xC0, 0x55, 0x54, 0x00, 0x3F, 0xFE, 0x07, 0xFF, 0x80,
        0x2A, 0xAA, 0x00, 0xFF, 0xFE, 0x07, 0xFE, 0x00, 0x15, 0x55, 0x4F, 0xFF,
        0xFC, 0x0F, 0xFC, 0x00, 0x0A, 0xAA, 0xFF, 0xFF, 0xFC, 0x0F, 0xF0, 0x00,
        0x15, 0x55, 0xFF, 0xFF, 0xF8, 0x0F, 0xE0, 0x00, 0x0A, 0xAA, 0xFF, 0xFF,
        0xF8, 0x0F, 0x80, 0x00, 0x05, 0x55, 0xFF, 0xFF, 0xF0, 0x0E, 0x00, 0x00,
        0x02, 0xAB, 0xFF, 0xFF, 0xE0, 0x00, 0x00, 0x00, 0x01, 0x55, 0xFF, 0xFF,
        0xC0, 0x00, 0x00, 0x00, 0x00, 0xAB, 0xFF, 0xFF, 0x80, 0x00, 0x00, 0x00,
        0x00, 0x15, 0xFF, 0xFE, 0x00, 0x00, 0x00, 0x00, 0x00, 0x0B, 0xFF, 0xFC,
        0x00, 0x00, 0x00, 0x00, 0x00, 0x05, 0xFF, 0xE0, 0x00, 0x00, 0x00, 0x00,
        0x00, 0x01, 0xFF, 0xC0, 0x00, 0x00, 0x00, 0x00, 0x00, 0x01, 0xFF, 0xC0,
        0x00, 0x00, 0x00, 0x00, 0x00, 0x01, 0xFF, 0xC0, 0x00, 0x00, 0x00, 0x00,
        0x00, 0x01, 0xFF, 0xC0, 0x00, 0x00, 0x00, 0x00, 0x00, 0x01, 0xFF, 0xC0,
        0x00, 0x00, 0x00, 0x00, 0x00, 0x01, 0xFF, 0xC0, 0x00, 0x00, 0x00, 0x00,
        0x00, 0x01, 0xFF, 0xC0, 0x00, 0x00, 0x00, 0x00, 0x00, 0x01, 0xFF, 0xC0,
        0x00, 0x00, 0x00, 0x00, 0x00, 0x01, 0xFF, 0xC0, 0x00, 0x00, 0x00, 0x00,
        0x00, 0x01, 0xFF, 0xC0, 0x00, 0x00, 0x00, 0x00, 0x00, 0x01, 0xFF, 0xC0,
        0x00, 0x00, 0x00, 0x00, 0x00, 0x01, 0xFF, 0xC0, 0x00, 0x00, 0x00, 0x00,
        0x00, 0x01, 0xFF, 0xC0, 0x00, 0x00, 0x00, 0x00, 0x00, 0x01, 0xFF, 0xC0,
        0x00, 0x00, 0x00, 0x00, 0x00, 0x01, 0xFF, 0xC0, 0x00, 0x00, 0x00, 0x00,
        0x00, 0x01, 0xFF, 0xC0, 0x00, 0x00, 0x00, 0x00, 0x00, 0x01, 0xFF, 0xC0,
        0x00, 0x00, 0x00, 0x00, 0x00, 0x01, 0xFF, 0xC0, 0x00, 0x00, 0x00, 0x00,
        0x00, 0x01, 0xFF, 0xC0, 0x00, 0x00, 0x00, 0x00, 0x00, 0x01, 0xFF, 0xC0,
        0x00, 0x00, 0x00, 0x00, 0x00, 0x01, 0xFF, 0xC0, 0x00, 0x00, 0x00, 0x00,
        0x00, 0x01, 0xFF, 0xC0, 0x00, 0x00, 0x00, 0x00, 0x00, 0x01, 0xFF, 0xC0,
        0x00, 0x00, 0x00, 0x00, 0x00, 0x01, 0xFF, 0xC0, 0x00, 0x00, 0x00, 0x00,
        0x00, 0x00, 0x00, 0x00, 0x00, 0x00, 0x00, 0x00, 0x00, 0x00, 0x00, 0x00,
        0x00, 0x00, 0x00, 0x00, 0x00, 0x00, 0x00, 0x00, 0x00, 0x00, 0x00, 0x00,
        0x00, 0x00, 0x00, 0x00, 0x00, 0x00, 0x00, 0x00, 0x00, 0x00, 0x00, 0x00,
        0x00, 0x00, 0x00, 0x00, 0x00, 0x00, 0x00, 0x00, 0x00, 0x00, 0x00, 0x00,
        0x00, 0x00, 0x00, 0x00, 0x00, 0x00, 0x00, 0x00,
    ]
}

ROUNDABOUT_SHARP_LEFT_CLOCKWISE = {
    'w': 64, 'h': 76,
    'data': [
        0x00, 0x00, 0x00, 0x00, 0x00, 0x00, 0x00, 0x00, 0x00, 0x00, 0x00, 0x00,
        0x00, 0x00, 0x00, 0x00, 0x00, 0x00, 0x00, 0x00, 0x00, 0x00, 0x00, 0x00,
        0x00, 0x00, 0x00, 0x00, 0x15, 0x00, 0x00, 0x00, 0x00, 0x00, 0x00, 0x02,
        0xAA, 0xA8, 0x00, 0x00, 0x00, 0x00, 0x00, 0x05, 0x55, 0x54, 0x00, 0x00,
        0x00, 0x00, 0x00, 0x2A, 0xAA, 0xAA, 0x80, 0x00, 0x00, 0x00, 0x00, 0x55,
        0x55, 0x55, 0x40, 0x00, 0x00, 0x00, 0x00, 0xAA, 0xAA, 0xAA, 0xA0, 0x00,
        0x00, 0x00, 0x01, 0x55, 0x55, 0x55, 0x50, 0x00, 0x00, 0x00, 0x02, 0xAA,
        0xAA, 0xAA, 0xA8, 0x00, 0x00, 0x00, 0x05, 0x55, 0x55, 0x55, 0x54, 0x00,
        0x00, 0x00, 0x0A, 0xAA, 0xAA, 0xAA, 0xAA, 0x00, 0x00, 0x00, 0x05, 0x55,
        0x55, 0x55, 0x54, 0x00, 0x00, 0x00, 0x0A, 0xAA, 0xAA, 0xAA, 0xAA, 0x00,
        0x00, 0x00, 0x15, 0x55, 0x00, 0x15, 0x55, 0x00, 0x00, 0x00, 0x2A, 0xAA,
        0x00, 0x0A, 0xAA, 0x80, 0x00, 0x00, 0x15, 0x54, 0x00, 0x05, 0x55, 0x00,
        0x00, 0x00, 0x2A, 0xA8, 0x00, 0x02, 0xAA, 0x80, 0x00, 0x00, 0x15, 0x50,
        0x00, 0x01, 0x55, 0x00, 0x00, 0x00, 0x2A, 0xA8, 0x00, 0x02, 0xAA, 0x80,
        0x00, 0x00, 0x55, 0x50, 0x00, 0x01, 0x55, 0x40, 0x00, 0x00, 0x2A, 0xA8,
        0x00, 0x02, 0xAA, 0x80, 0x00, 0x00, 0x55, 0x50, 0x00, 0x01, 0x55, 0x40,
        0x00, 0x00, 0x2A, 0xA0, 0x00, 0x00, 0xAA, 0x80, 0x00, 0x00, 0x55, 0x50,
        0x00, 0x01, 0x55, 0x40, 0x00, 0x00, 0x2A, 0xA8, 0x00, 0x02, 0xAA, 0x80,
        0x00, 0x00, 0x15, 0x50, 0x00, 0x01, 0x55, 0x40, 0x00, 0x00, 0x2A, 0xA8,
        0x00, 0x02, 0xAA, 0x80, 0x00, 0x00, 0x15, 0xFC, 0x00, 0x05, 0x55, 0x00,
        0x00, 0x00, 0x2B, 0xFE, 0x00, 0x0A, 0xAA, 0x80, 0x00, 0x30, 0x17, 0xFF,
        0x80, 0x15, 0x55, 0x00, 0x00, 0x78, 0x0F, 0xFF, 0xF0, 0xAA, 0xAA, 0x00,
        0x00, 0x7C, 0x0F, 0xFF, 0xFF, 0x55, 0x54, 0x00, 0x00, 0x7C, 0x1F, 0xFF,
        0xFF, 0xEA, 0xAA, 0x00, 0x00, 0xFE, 0x3F, 0xFF, 0xFF, 0xD5, 0x54, 0x00,
        0x00, 0xFF, 0x7F, 0xFF, 0xFF, 0xEA, 0xA8, 0x00, 0x00, 0xFF, 0xFF, 0xFF,
        0xFF, 0xF5, 0x50, 0x00, 0x00, 0xFF, 0xFF, 0xFF, 0xFF, 0xEA, 0xA0, 0x00,
        0x00, 0xFF, 0xFF, 0xFF, 0xFF, 0xF5, 0x40, 0x00, 0x01, 0xFF, 0xFF, 0xFF,
        0xFF, 0xEA, 0x80, 0x00, 0x01, 0xFF, 0xFF, 0xFF, 0xFF, 0xF4, 0x00, 0x00,
        0x01, 0xFF, 0xFF, 0xE3, 0xFF, 0xE8, 0x00, 0x00, 0x01, 0xFF, 0xFF, 0xC0,
        0xFF, 0xE0, 0x00, 0x00, 0x01, 0xFF, 0xFF, 0x80, 0xFF, 0xE0, 0x00, 0x00,
        0x01, 0xFF, 0xFF, 0x80, 0xFF, 0xE0, 0x00, 0x00, 0x03, 0xFF, 0xFF, 0xC0,
        0xFF, 0xE0, 0x00, 0x00, 0x03, 0xFF, 0xFF, 0xF0, 0xFF, 0xE0, 0x00, 0x00,
        0x03, 0xFF, 0xFF, 0xF8, 0xFF, 0xE0, 0x00, 0x00, 0x03, 0xFF, 0xFF, 0xFC,
        0xFF, 0xE0, 0x00, 0x00, 0x03, 0xFF, 0xFF, 0xFC, 0xFF, 0xE0, 0x00, 0x00,
        0x03, 0xFF, 0xFF, 0xF8, 0xFF, 0xE0, 0x00, 0x00, 0x07, 0xFF, 0xFF, 0xC0,
        0xFF, 0xE0, 0x00, 0x00, 0x07, 0xFF, 0xF8, 0x00, 0xFF, 0xE0, 0x00, 0x00,
        0x07, 0xFF, 0x00, 0x00, 0xFF, 0xE0, 0x00, 0x00, 0x07, 0xE0, 0x00, 0x00,
        0xFF, 0xE0, 0x00, 0x00, 0x00, 0x00, 0x00, 0x00, 0xFF, 0xE0, 0x00, 0x00,
        0x00, 0x00, 0x00, 0x00, 0xFF, 0xE0, 0x00, 0x00, 0x00, 0x00, 0x00, 0x00,
        0xFF, 0xE0, 0x00, 0x00, 0x00, 0x00, 0x00, 0x00, 0xFF, 0xE0, 0x00, 0x00,
        0x00, 0x00, 0x00, 0x00, 0xFF, 0xE0, 0x00, 0x00, 0x00, 0x00, 0x00, 0x00,
        0xFF, 0xE0, 0x00, 0x00, 0x00, 0x00, 0x00, 0x00, 0xFF, 0xE0, 0x00, 0x00,
        0x00, 0x00, 0x00, 0x00, 0xFF, 0xE0, 0x00, 0x00, 0x00, 0x00, 0x00, 0x00,
        0xFF, 0xE0, 0x00, 0x00, 0x00, 0x00, 0x00, 0x00, 0xFF, 0xE0, 0x00, 0x00,
        0x00, 0x00, 0x00, 0x00, 0xFF, 0xE0, 0x00, 0x00, 0x00, 0x00, 0x00, 0x00,
        0xFF, 0xE0, 0x00, 0x00, 0x00, 0x00, 0x00, 0x00, 0xFF, 0xE0, 0x00, 0x00,
        0x00, 0x00, 0x00, 0x00, 0xFF, 0xE0, 0x00, 0x00, 0x00, 0x00, 0x00, 0x00,
        0xFF, 0xE0, 0x00, 0x00, 0x00, 0x00, 0x00, 0x00, 0xFF, 0xE0, 0x00, 0x00,
        0x00, 0x00, 0x00, 0x00, 0xFF, 0xE0, 0x00, 0x00, 0x00, 0x00, 0x00, 0x00,
        0x00, 0x00, 0x00, 0x00, 0x00, 0x00, 0x00, 0x00, 0x00, 0x00, 0x00, 0x00,
        0x00, 0x00, 0x00, 0x00, 0x00, 0x00, 0x00, 0x00,
    ]
}

ROUNDABOUT_SHARP_LEFT_COUNTERCLOCKWISE = {
    'w': 64, 'h': 76,
    'data': [
        0x00, 0x00, 0x00, 0x00, 0x00, 0x00, 0x00, 0x00, 0x00, 0x00, 0x00, 0x00,
        0x00, 0x00, 0x00, 0x00, 0x00, 0x00, 0x00, 0x00, 0x00, 0x00, 0x00, 0x00,
        0x00, 0x00, 0x00, 0x00, 0x7F, 0x80, 0x00, 0x00, 0x00, 0x00, 0x00, 0x03,
        0xFF, 0xF8, 0x00, 0x00, 0x00, 0x00, 0x00, 0x0F, 0xFF, 0xFE, 0x00, 0x00,
        0x00, 0x00, 0x00, 0x3F, 0xFF, 0xFF, 0x80, 0x00, 0x00, 0x00, 0x00, 0x7F,
        0xFF, 0xFF, 0xC0, 0x00, 0x00, 0x00, 0x01, 0xFF, 0xFF, 0xFF, 0xF0, 0x00,
        0x00, 0x00, 0x03, 0xFF, 0xFF, 0xFF, 0xF8, 0x00, 0x00, 0x00, 0x07, 0xFF,
        0xFF, 0xFF, 0xFC, 0x00, 0x00, 0x00, 0x07, 0xFF, 0xFF, 0xFF, 0xFC, 0x00,
        0x00, 0x00, 0x0F, 0xFF, 0xFF, 0xFF, 0xFE, 0x00, 0x00, 0x00, 0x1F, 0xFF,
        0xFF, 0xFF, 0xFF, 0x00, 0x00, 0x00, 0x1F, 0xFF, 0xF1, 0xFF, 0xFF, 0x00,
        0x00, 0x00, 0x3F, 0xFF, 0x80, 0x3F, 0xFF, 0x80, 0x00, 0x00, 0x3F, 0xFE,
        0x00, 0x0F, 0xFF, 0x80, 0x00, 0x00, 0x7F, 0xFC, 0x00, 0x07, 0xFF, 0xC0,
        0x00, 0x00, 0x7F, 0xF8, 0x00, 0x03, 0xFF, 0xC0, 0x00, 0x00, 0x7F, 0xF8,
        0x00, 0x03, 0xFF, 0xC0, 0x00, 0x00, 0xFF, 0xF0, 0x00, 0x01, 0xFF, 0xE0,
        0x00, 0x00, 0xFF, 0xF0, 0x00, 0x01, 0xFF, 0xE0, 0x00, 0x00, 0xFF, 0xF0,
        0x00, 0x01, 0xFF, 0xE0, 0x00, 0x00, 0xFF, 0xE0, 0x00, 0x00, 0xFF, 0xE0,
        0x00, 0x00, 0xFF, 0xE0, 0x00, 0x00, 0xFF, 0xE0, 0x00, 0x00, 0xFF, 0xE0,
        0x00, 0x00, 0xFF, 0xE0, 0x00, 0x00, 0xFF, 0xE0, 0x00, 0x00, 0xFF, 0xE0,
        0x00, 0x00, 0xFF, 0xF0, 0x00, 0x01, 0xFF, 0xE0, 0x00, 0x00, 0xFF, 0xF0,
        0x00, 0x01, 0xFF, 0xE0, 0x00, 0x00, 0x7F, 0xF8, 0x00, 0x01, 0xFF, 0xC0,
        0x00, 0x00, 0x7F, 0xF8, 0x00, 0x03, 0xFF, 0xC0, 0x00, 0x00, 0x7F, 0xFC,
        0x00, 0x07, 0xFF, 0xC0, 0x00, 0x00, 0x7F, 0xFE, 0x00, 0x0F, 0xFF, 0x80,
        0x00, 0x00, 0x3F, 0xFF, 0x00, 0x1F, 0xFF, 0x80, 0x00, 0xF0, 0x3F, 0xFF,
        0xA0, 0xFF, 0xFF, 0x80, 0x00, 0xF0, 0x1F, 0xFF, 0x5F, 0xFF, 0xFF, 0x00,
        0x00, 0xF8, 0x3F, 0xFF, 0xBF, 0xFF, 0xFE, 0x00, 0x01, 0xF8, 0x7F, 0xFF,
        0x7F, 0xFF, 0xFE, 0x00, 0x01, 0xFC, 0xFF, 0xFE, 0xFF, 0xFF, 0xFC, 0x00,
        0x01, 0xFF, 0xFF, 0xFD, 0xFF, 0xFF, 0xF8, 0x00, 0x01, 0xFF, 0xFF, 0xFA,
        0xFF, 0xFF, 0xF0, 0x00, 0x03, 0xFF, 0xFF, 0xFD, 0xFF, 0xFF, 0xE0, 0x00,
        0x03, 0xFF, 0xFF, 0xFA, 0xFF, 0xFF, 0x80, 0x00, 0x03, 0xFF, 0xFF, 0xF5,
        0xFF, 0xFF, 0x00, 0x00, 0x03, 0xFF, 0xFF, 0xC2, 0xFF, 0xFC, 0x00, 0x00,
        0x03, 0xFF, 0xFF, 0x80, 0xFF, 0xE0, 0x00, 0x00, 0x07, 0xFF, 0xFF, 0x00,
        0xFF, 0xE0, 0x00, 0x00, 0x07, 0xFF, 0xFE, 0x00, 0xFF, 0xE0, 0x00, 0x00,
        0x07, 0xFF, 0xFF, 0x00, 0xFF, 0xE0, 0x00, 0x00, 0x07, 0xFF, 0xFF, 0xC0,
        0xFF, 0xE0, 0x00, 0x00, 0x07, 0xFF, 0xFF, 0xF0, 0xFF, 0xE0, 0x00, 0x00,
        0x07, 0xFF, 0xFF, 0xF8, 0xFF, 0xE0, 0x00, 0x00, 0x0F, 0xFF, 0xFF, 0xF8,
        0xFF, 0xE0, 0x00, 0x00, 0x0F, 0xFF, 0xFF, 0xF0, 0xFF, 0xE0, 0x00, 0x00,
        0x0F, 0xFF, 0xFF, 0xC0, 0xFF, 0xE0, 0x00, 0x00, 0x0F, 0xFF, 0xFC, 0x00,
        0xFF, 0xE0, 0x00, 0x00, 0x0F, 0xFF, 0x80, 0x00, 0xFF, 0xE0, 0x00, 0x00,
        0x0F, 0xE0, 0x00, 0x00, 0xFF, 0xE0, 0x00, 0x00, 0x0C, 0x00, 0x00, 0x00,
        0xFF, 0xE0, 0x00, 0x00, 0x00, 0x00, 0x00, 0x00, 0xFF, 0xE0, 0x00, 0x00,
        0x00, 0x00, 0x00, 0x00, 0xFF, 0xE0, 0x00, 0x00, 0x00, 0x00, 0x00, 0x00,
        0xFF, 0xE0, 0x00, 0x00, 0x00, 0x00, 0x00, 0x00, 0xFF, 0xE0, 0x00, 0x00,
        0x00, 0x00, 0x00, 0x00, 0xFF, 0xE0, 0x00, 0x00, 0x00, 0x00, 0x00, 0x00,
        0xFF, 0xE0, 0x00, 0x00, 0x00, 0x00, 0x00, 0x00, 0xFF, 0xE0, 0x00, 0x00,
        0x00, 0x00, 0x00, 0x00, 0xFF, 0xE0, 0x00, 0x00, 0x00, 0x00, 0x00, 0x00,
        0xFF, 0xE0, 0x00, 0x00, 0x00, 0x00, 0x00, 0x00, 0xFF, 0xE0, 0x00, 0x00,
        0x00, 0x00, 0x00, 0x00, 0xFF, 0xE0, 0x00, 0x00, 0x00, 0x00, 0x00, 0x00,
        0xFF, 0xE0, 0x00, 0x00, 0x00, 0x00, 0x00, 0x00, 0xFF, 0xE0, 0x00, 0x00,
        0x00, 0x00, 0x00, 0x00, 0xFF, 0xE0, 0x00, 0x00, 0x00, 0x00, 0x00, 0x00,
        0x00, 0x00, 0x00, 0x00, 0x00, 0x00, 0x00, 0x00, 0x00, 0x00, 0x00, 0x00,
        0x00, 0x00, 0x00, 0x00, 0x00, 0x00, 0x00, 0x00,
    ]
}

ROUNDABOUT_SHARP_RIGHT_CLOCKWISE = {
    'w': 64, 'h': 76,
    'data': [
        0x00, 0x00, 0x00, 0x00, 0x00, 0x00, 0x00, 0x00, 0x00, 0x00, 0x00, 0x00,
        0x00, 0x00, 0x00, 0x00, 0x00, 0x00, 0x00, 0x00, 0x00, 0x00, 0x00, 0x00,
        0x00, 0x00, 0x01, 0xFE, 0x00, 0x00, 0x00, 0x00, 0x00, 0x00, 0x1F, 0xFF,
        0xC0, 0x00, 0x00, 0x00, 0x00, 0x00, 0x7F, 0xFF, 0xF0, 0x00, 0x00, 0x00,
        0x00, 0x01, 0xFF, 0xFF, 0xFC, 0x00, 0x00, 0x00, 0x00, 0x03, 0xFF, 0xFF,
        0xFE, 0x00, 0x00, 0x00, 0x00, 0x0F, 0xFF, 0xFF, 0xFF, 0x80, 0x00, 0x00,
        0x00, 0x1F, 0xFF, 0xFF, 0xFF, 0xC0, 0x00, 0x00, 0x00, 0x3F, 0xFF, 0xFF,
        0xFF, 0xE0, 0x00, 0x00, 0x00, 0x3F, 0xFF, 0xFF, 0xFF, 0xE0, 0x00, 0x00,
        0x00, 0x7F, 0xFF, 0xFF, 0xFF, 0xF0, 0x00, 0x00, 0x00, 0xFF, 0xFF, 0xFF,
        0xFF, 0xF8, 0x00, 0x00, 0x00, 0xFF, 0xFF, 0x8F, 0xFF, 0xF8, 0x00, 0x00,
        0x01, 0xFF, 0xFC, 0x01, 0xFF, 0xFC, 0x00, 0x00, 0x01, 0xFF, 0xF0, 0x00,
        0x7F, 0xFC, 0x00, 0x00, 0x03, 0xFF, 0xE0, 0x00, 0x3F, 0xFE, 0x00, 0x00,
        0x03, 0xFF, 0xC0, 0x00, 0x1F, 0xFE, 0x00, 0x00, 0x03, 0xFF, 0xC0, 0x00,
        0x1F, 0xFE, 0x00, 0x00, 0x07, 0xFF, 0x80, 0x00, 0x0F, 0xFF, 0x00, 0x00,
        0x07, 0xFF, 0x80, 0x00, 0x0F, 0xFF, 0x00, 0x00, 0x07, 0xFF, 0x80, 0x00,
        0x0F, 0xFF, 0x00, 0x00, 0x07, 0xFF, 0x00, 0x00, 0x07, 0xFF, 0x00, 0x00,
        0x07, 0xFF, 0x00, 0x00, 0x07, 0xFF, 0x00, 0x00, 0x07, 0xFF, 0x00, 0x00,
        0x07, 0xFF, 0x00, 0x00, 0x07, 0xFF, 0x00, 0x00, 0x07, 0xFF, 0x00, 0x00,
        0x07, 0xFF, 0x80, 0x00, 0x0F, 0xFF, 0x00, 0x00, 0x07, 0xFF, 0x80, 0x00,
        0x0F, 0xFF, 0x00, 0x00, 0x03, 0xFF, 0x80, 0x00, 0x1F, 0xFE, 0x00, 0x00,
        0x03, 0xFF, 0xC0, 0x00, 0x1F, 0xFE, 0x00, 0x00, 0x03, 0xFF, 0xE0, 0x00,
        0x3F, 0xFE, 0x00, 0x00, 0x01, 0xFF, 0xF0, 0x00, 0x7F, 0xFE, 0x00, 0x00,
        0x01, 0xFF, 0xF8, 0x00, 0xFF, 0xFC, 0x00, 0x00, 0x01, 0xFF, 0xFF, 0x05,
        0xFF, 0xFC, 0x0F, 0x00, 0x00, 0xFF, 0xFF, 0xFA, 0xFF, 0xF8, 0x0F, 0x00,
        0x00, 0x7F, 0xFF, 0xFD, 0xFF, 0xFC, 0x1F, 0x00, 0x00, 0x7F, 0xFF, 0xFE,
        0xFF, 0xFE, 0x1F, 0x80, 0x00, 0x3F, 0xFF, 0xFF, 0x7F, 0xFF, 0x3F, 0x80,
        0x00, 0x1F, 0xFF, 0xFF, 0xBF, 0xFF, 0xFF, 0x80, 0x00, 0x0F, 0xFF, 0xFF,
        0x5F, 0xFF, 0xFF, 0x80, 0x00, 0x07, 0xFF, 0xFF, 0xBF, 0xFF, 0xFF, 0xC0,
        0x00, 0x01, 0xFF, 0xFF, 0x5F, 0xFF, 0xFF, 0xC0, 0x00, 0x00, 0xFF, 0xFF,
        0xAF, 0xFF, 0xFF, 0xC0, 0x00, 0x00, 0x3F, 0xFF, 0x43, 0xFF, 0xFF, 0xC0,
        0x00, 0x00, 0x07, 0xFF, 0x01, 0xFF, 0xFF, 0xC0, 0x00, 0x00, 0x07, 0xFF,
        0x00, 0xFF, 0xFF, 0xE0, 0x00, 0x00, 0x07, 0xFF, 0x00, 0x7F, 0xFF, 0xE0,
        0x00, 0x00, 0x07, 0xFF, 0x00, 0xFF, 0xFF, 0xE0, 0x00, 0x00, 0x07, 0xFF,
        0x03, 0xFF, 0xFF, 0xE0, 0x00, 0x00, 0x07, 0xFF, 0x0F, 0xFF, 0xFF, 0xE0,
        0x00, 0x00, 0x07, 0xFF, 0x1F, 0xFF, 0xFF, 0xE0, 0x00, 0x00, 0x07, 0xFF,
        0x1F, 0xFF, 0xFF, 0xF0, 0x00, 0x00, 0x07, 0xFF, 0x0F, 0xFF, 0xFF, 0xF0,
        0x00, 0x00, 0x07, 0xFF, 0x03, 0xFF, 0xFF, 0xF0, 0x00, 0x00, 0x07, 0xFF,
        0x00, 0x3F, 0xFF, 0xF0, 0x00, 0x00, 0x07, 0xFF, 0x00, 0x01, 0xFF, 0xF0,
        0x00, 0x00, 0x07, 0xFF, 0x00, 0x00, 0x07, 0xF0, 0x00, 0x00, 0x07, 0xFF,
        0x00, 0x00, 0x00, 0x30, 0x00, 0x00, 0x07, 0xFF, 0x00, 0x00, 0x00, 0x00,
        0x00, 0x00, 0x07, 0xFF, 0x00, 0x00, 0x00, 0x00, 0x00, 0x00, 0x07, 0xFF,
        0x00, 0x00, 0x00, 0x00, 0x00, 0x00, 0x07, 0xFF, 0x00, 0x00, 0x00, 0x00,
        0x00, 0x00, 0x07, 0xFF, 0x00, 0x00, 0x00, 0x00, 0x00, 0x00, 0x07, 0xFF,
        0x00, 0x00, 0x00, 0x00, 0x00, 0x00, 0x07, 0xFF, 0x00, 0x00, 0x00, 0x00,
        0x00, 0x00, 0x07, 0xFF, 0x00, 0x00, 0x00, 0x00, 0x00, 0x00, 0x07, 0xFF,
        0x00, 0x00, 0x00, 0x00, 0x00, 0x00, 0x07, 0xFF, 0x00, 0x00, 0x00, 0x00,
        0x00, 0x00, 0x07, 0xFF, 0x00, 0x00, 0x00, 0x00, 0x00, 0x00, 0x07, 0xFF,
        0x00, 0x00, 0x00, 0x00, 0x00, 0x00, 0x07, 0xFF, 0x00, 0x00, 0x00, 0x00,
        0x00, 0x00, 0x07, 0xFF, 0x00, 0x00, 0x00, 0x00, 0x00, 0x00, 0x00, 0x00,
        0x00, 0x00, 0x00, 0x00, 0x00, 0x00, 0x00, 0x00, 0x00, 0x00, 0x00, 0x00,
        0x00, 0x00, 0x00, 0x00, 0x00, 0x00, 0x00, 0x00,
    ]
}

ROUNDABOUT_SHARP_RIGHT_COUNTERCLOCKWISE = {
    'w': 64, 'h': 76,
    'data': [
        0x00, 0x00, 0x00, 0x00, 0x00, 0x00, 0x00, 0x00, 0x00, 0x00, 0x00, 0x00,
        0x00, 0x00, 0x00, 0x00, 0x00, 0x00, 0x00, 0x00, 0x00, 0x00, 0x00, 0x00,
        0x00, 0x00, 0x00, 0xA8, 0x00, 0x00, 0x00, 0x00, 0x00, 0x00, 0x15, 0x55,
        0x40, 0x00, 0x00, 0x00, 0x00, 0x00, 0x2A, 0xAA, 0xA0, 0x00, 0x00, 0x00,
        0x00, 0x01, 0x55, 0x55, 0x54, 0x00, 0x00, 0x00, 0x00, 0x02, 0xAA, 0xAA,
        0xAA, 0x00, 0x00, 0x00, 0x00, 0x05, 0x55, 0x55, 0x55, 0x00, 0x00, 0x00,
        0x00, 0x0A, 0xAA, 0xAA, 0xAA, 0x80, 0x00, 0x00, 0x00, 0x15, 0x55, 0x55,
        0x55, 0x40, 0x00, 0x00, 0x00, 0x2A, 0xAA, 0xAA, 0xAA, 0xA0, 0x00, 0x00,
        0x00, 0x55, 0x55, 0x55, 0x55, 0x50, 0x00, 0x00, 0x00, 0x2A, 0xAA, 0xAA,
        0xAA, 0xA0, 0x00, 0x00, 0x00, 0x55, 0x55, 0x55, 0x55, 0x50, 0x00, 0x00,
        0x00, 0xAA, 0xA8, 0x00, 0xAA, 0xA8, 0x00, 0x00, 0x01, 0x55, 0x50, 0x00,
        0x55, 0x54, 0x00, 0x00, 0x00, 0xAA, 0xA0, 0x00, 0x2A, 0xA8, 0x00, 0x00,
        0x01, 0x55, 0x40, 0x00, 0x15, 0x54, 0x00, 0x00, 0x00, 0xAA, 0x80, 0x00,
        0x0A, 0xA8, 0x00, 0x00, 0x01, 0x55, 0x40, 0x00, 0x15, 0x54, 0x00, 0x00,
        0x02, 0xAA, 0x80, 0x00, 0x0A, 0xAA, 0x00, 0x00, 0x01, 0x55, 0x40, 0x00,
        0x15, 0x54, 0x00, 0x00, 0x02, 0xAA, 0x80, 0x00, 0x0A, 0xAA, 0x00, 0x00,
        0x01, 0x55, 0x00, 0x00, 0x05, 0x54, 0x00, 0x00, 0x02, 0xAA, 0x80, 0x00,
        0x0A, 0xAA, 0x00, 0x00, 0x01, 0x55, 0x40, 0x00, 0x15, 0x54, 0x00, 0x00,
        0x02, 0xAA, 0x80, 0x00, 0x0A, 0xA8, 0x00, 0x00, 0x01, 0x55, 0x40, 0x00,
        0x15, 0x54, 0x00, 0x00, 0x00, 0xAA, 0xA0, 0x00, 0x3F, 0xA8, 0x00, 0x00,
        0x01, 0x55, 0x50, 0x00, 0x7F, 0xD4, 0x00, 0x00, 0x00, 0xAA, 0xA8, 0x01,
        0xFF, 0xE8, 0x0C, 0x00, 0x00, 0x55, 0x55, 0x0F, 0xFF, 0xF0, 0x1E, 0x00,
        0x00, 0x2A, 0xAA, 0xFF, 0xFF, 0xF0, 0x3E, 0x00, 0x00, 0x55, 0x57, 0xFF,
        0xFF, 0xF8, 0x3E, 0x00, 0x00, 0x2A, 0xAB, 0xFF, 0xFF, 0xFC, 0x7F, 0x00,
        0x00, 0x15, 0x57, 0xFF, 0xFF, 0xFE, 0xFF, 0x00, 0x00, 0x0A, 0xAF, 0xFF,
        0xFF, 0xFF, 0xFF, 0x00, 0x00, 0x05, 0x57, 0xFF, 0xFF, 0xFF, 0xFF, 0x00,
        0x00, 0x02, 0xAF, 0xFF, 0xFF, 0xFF, 0xFF, 0x00, 0x00, 0x01, 0x57, 0xFF,
        0xFF, 0xFF, 0xFF, 0x80, 0x00, 0x00, 0x2F, 0xFF, 0xFF, 0xFF, 0xFF, 0x80,
        0x00, 0x00, 0x17, 0xFF, 0xC7, 0xFF, 0xFF, 0x80, 0x00, 0x00, 0x07, 0xFF,
        0x03, 0xFF, 0xFF, 0x80, 0x00, 0x00, 0x07, 0xFF, 0x01, 0xFF, 0xFF, 0x80,
        0x00, 0x00, 0x07, 0xFF, 0x01, 0xFF, 0xFF, 0x80, 0x00, 0x00, 0x07, 0xFF,
        0x03, 0xFF, 0xFF, 0xC0, 0x00, 0x00, 0x07, 0xFF, 0x0F, 0xFF, 0xFF, 0xC0,
        0x00, 0x00, 0x07, 0xFF, 0x1F, 0xFF, 0xFF, 0xC0, 0x00, 0x00, 0x07, 0xFF,
        0x3F, 0xFF, 0xFF, 0xC0, 0x00, 0x00, 0x07, 0xFF, 0x3F, 0xFF, 0xFF, 0xC0,
        0x00, 0x00, 0x07, 0xFF, 0x1F, 0xFF, 0xFF, 0xC0, 0x00, 0x00, 0x07, 0xFF,
        0x03, 0xFF, 0xFF, 0xE0, 0x00, 0x00, 0x07, 0xFF, 0x00, 0x1F, 0xFF, 0xE0,
        0x00, 0x00, 0x07, 0xFF, 0x00, 0x00, 0xFF, 0xE0, 0x00, 0x00, 0x07, 0xFF,
        0x00, 0x00, 0x07, 0xE0, 0x00, 0x00, 0x07, 0xFF, 0x00, 0x00, 0x00, 0x00,
        0x00, 0x00, 0x07, 0xFF, 0x00, 0x00, 0x00, 0x00, 0x00, 0x00, 0x07, 0xFF,
        0x00, 0x00, 0x00, 0x00, 0x00, 0x00, 0x07, 0xFF, 0x00, 0x00, 0x00, 0x00,
        0x00, 0x00, 0x07, 0xFF, 0x00, 0x00, 0x00, 0x00, 0x00, 0x00, 0x07, 0xFF,
        0x00, 0x00, 0x00, 0x00, 0x00, 0x00, 0x07, 0xFF, 0x00, 0x00, 0x00, 0x00,
        0x00, 0x00, 0x07, 0xFF, 0x00, 0x00, 0x00, 0x00, 0x00, 0x00, 0x07, 0xFF,
        0x00, 0x00, 0x00, 0x00, 0x00, 0x00, 0x07, 0xFF, 0x00, 0x00, 0x00, 0x00,
        0x00, 0x00, 0x07, 0xFF, 0x00, 0x00, 0x00, 0x00, 0x00, 0x00, 0x07, 0xFF,
        0x00, 0x00, 0x00, 0x00, 0x00, 0x00, 0x07, 0xFF, 0x00, 0x00, 0x00, 0x00,
        0x00, 0x00, 0x07, 0xFF, 0x00, 0x00, 0x00, 0x00, 0x00, 0x00, 0x07, 0xFF,
        0x00, 0x00, 0x00, 0x00, 0x00, 0x00, 0x07, 0xFF, 0x00, 0x00, 0x00, 0x00,
        0x00, 0x00, 0x07, 0xFF, 0x00, 0x00, 0x00, 0x00, 0x00, 0x00, 0x00, 0x00,
        0x00, 0x00, 0x00, 0x00, 0x00, 0x00, 0x00, 0x00, 0x00, 0x00, 0x00, 0x00,
        0x00, 0x00, 0x00, 0x00, 0x00, 0x00, 0x00, 0x00,
    ]
}

ROUNDABOUT_SLIGHT_LEFT_CLOCKWISE = {
    'w': 64, 'h': 76,
    'data': [
        0x00, 0x00, 0x00, 0x00, 0x00, 0x00, 0x00, 0x00, 0x00, 0x00, 0x00, 0x00,
        0x00, 0x00, 0x00, 0x00, 0x00, 0x00, 0x00, 0x00, 0x00, 0x00, 0x00, 0x00,
        0x70, 0x00, 0x00, 0x00, 0x00, 0x00, 0x00, 0x00, 0x7F, 0x80, 0x00, 0x00,
        0x00, 0x00, 0x00, 0x00, 0x3F, 0xFE, 0x00, 0x00, 0x00, 0x00, 0x00, 0x00,
        0x3F, 0xFF, 0xF0, 0x00, 0x00, 0x00, 0x00, 0x00, 0x3F, 0xFF, 0xFF, 0x00,
        0x00, 0x00, 0x00, 0x00, 0x3F, 0xFF, 0xFF, 0xC0, 0x00, 0x00, 0x00, 0x00,
        0x3F, 0xFF, 0xFF, 0xC0, 0x00, 0x00, 0x00, 0x00, 0x3F, 0xFF, 0xFF, 0xC0,
        0x00, 0x00, 0x00, 0x00, 0x1F, 0xFF, 0xFF, 0xC0, 0x00, 0x00, 0x00, 0x00,
        0x1F, 0xFF, 0xFF, 0x00, 0x00, 0x00, 0x00, 0x00, 0x1F, 0xFF, 0xFC, 0x00,
        0x00, 0x00, 0x00, 0x00, 0x1F, 0xFF, 0xF8, 0x00, 0x00, 0x00, 0x00, 0x00,
        0x1F, 0xFF, 0xFC, 0x00, 0x00, 0x00, 0x00, 0x00, 0x0F, 0xFF, 0xFE, 0x00,
        0x0A, 0x80, 0x00, 0x00, 0x0F, 0xFF, 0xFF, 0x00, 0x55, 0x54, 0x00, 0x00,
        0x0F, 0xFF, 0xFF, 0x82, 0xAA, 0xAA, 0x80, 0x00, 0x0F, 0xFF, 0xFF, 0xD5,
        0x55, 0x55, 0x40, 0x00, 0x0F, 0xFF, 0xFF, 0xEA, 0xAA, 0xAA, 0xA0, 0x00,
        0x07, 0xFF, 0xFF, 0xF5, 0x55, 0x55, 0x54, 0x00, 0x07, 0xFF, 0xFF, 0xF2,
        0xAA, 0xAA, 0xAA, 0x00, 0x07, 0xF3, 0xFF, 0xFD, 0x55, 0x55, 0x55, 0x00,
        0x07, 0xE1, 0xFF, 0xFE, 0xAA, 0xAA, 0xAA, 0x80, 0x03, 0xE0, 0xFF, 0xFF,
        0x55, 0x55, 0x55, 0x40, 0x03, 0xC0, 0x7F, 0xFE, 0xAA, 0xAA, 0xAA, 0xA0,
        0x03, 0xC0, 0x3F, 0xFF, 0x55, 0x55, 0x55, 0x40, 0x00, 0x00, 0x3F, 0xFE,
        0x80, 0x0A, 0xAA, 0xA0, 0x00, 0x00, 0x7F, 0xFF, 0x00, 0x01, 0x55, 0x50,
        0x00, 0x00, 0x7F, 0xFC, 0x00, 0x00, 0xAA, 0xA8, 0x00, 0x00, 0xFF, 0xF8,
        0x00, 0x00, 0x55, 0x50, 0x00, 0x00, 0xFF, 0xF8, 0x00, 0x00, 0x2A, 0xA8,
        0x00, 0x00, 0xFF, 0xF0, 0x00, 0x00, 0x15, 0x54, 0x00, 0x01, 0xFF, 0xE0,
        0x00, 0x00, 0x2A, 0xAA, 0x00, 0x01, 0xFF, 0xE0, 0x00, 0x00, 0x15, 0x54,
        0x00, 0x01, 0xFF, 0xC0, 0x00, 0x00, 0x0A, 0xAA, 0x00, 0x01, 0xFF, 0xC0,
        0x00, 0x00, 0x05, 0x54, 0x00, 0x01, 0xFF, 0xC0, 0x00, 0x00, 0x0A, 0xAA,
        0x00, 0x01, 0xFF, 0xC0, 0x00, 0x00, 0x05, 0x54, 0x00, 0x01, 0xFF, 0xC0,
        0x00, 0x00, 0x0A, 0xAA, 0x00, 0x01, 0xFF, 0xC0, 0x00, 0x00, 0x05, 0x54,
        0x00, 0x01, 0xFF, 0xC0, 0x00, 0x00, 0x0A, 0xAA, 0x00, 0x01, 0xFF, 0xC0,
        0x00, 0x00, 0x05, 0x54, 0x00, 0x01, 0xFF, 0xC0, 0x00, 0x00, 0x0A, 0xAA,
        0x00, 0x01, 0xFF, 0xC0, 0x00, 0x00, 0x15, 0x54, 0x00, 0x01, 0xFF, 0xE0,
        0x00, 0x00, 0x0A, 0xAA, 0x00, 0x01, 0xFF, 0xE0, 0x00, 0x00, 0x15, 0x54,
        0x00, 0x00, 0xFF, 0xF0, 0x00, 0x00, 0x2A, 0xA8, 0x00, 0x00, 0xFF, 0xF8,
        0x00, 0x00, 0x55, 0x54, 0x00, 0x00, 0xFF, 0xFC, 0x00, 0x00, 0xAA, 0xA8,
        0x00, 0x00, 0x7F, 0xFE, 0x00, 0x01, 0x55, 0x50, 0x00, 0x00, 0x7F, 0xFF,
        0x80, 0x02, 0xAA, 0xA0, 0x00, 0x00, 0x3F, 0xFF, 0xE0, 0x15, 0x55, 0x50,
        0x00, 0x00, 0x1F, 0xFF, 0xFF, 0x2A, 0xAA, 0xA0, 0x00, 0x00, 0x1F, 0xFF,
        0xFF, 0xD5, 0x55, 0x40, 0x00, 0x00, 0x0F, 0xFF, 0xFF, 0xEA, 0xAA, 0x80,
        0x00, 0x00, 0x07, 0xFF, 0xFF, 0xF5, 0x55, 0x00, 0x00, 0x00, 0x03, 0xFF,
        0xFF, 0xFA, 0xAA, 0x00, 0x00, 0x00, 0x01, 0xFF, 0xFF, 0xF5, 0x54, 0x00,
        0x00, 0x00, 0x00, 0xFF, 0xFF, 0xFA, 0xA8, 0x00, 0x00, 0x00, 0x00, 0x3F,
        0xFF, 0xFD, 0x50, 0x00, 0x00, 0x00, 0x00, 0x1F, 0xFF, 0xFA, 0x80, 0x00,
        0x00, 0x00, 0x00, 0x07, 0xFF, 0xFD, 0x00, 0x00, 0x00, 0x00, 0x00, 0x00,
        0x7F, 0xF8, 0x00, 0x00, 0x00, 0x00, 0x00, 0x00, 0x7F, 0xF8, 0x00, 0x00,
        0x00, 0x00, 0x00, 0x00, 0x7F, 0xF8, 0x00, 0x00, 0x00, 0x00, 0x00, 0x00,
        0x7F, 0xF8, 0x00, 0x00, 0x00, 0x00, 0x00, 0x00, 0x7F, 0xF8, 0x00, 0x00,
        0x00, 0x00, 0x00, 0x00, 0x7F, 0xF8, 0x00, 0x00, 0x00, 0x00, 0x00, 0x00,
        0x7F, 0xF8, 0x00, 0x00, 0x00, 0x00, 0x00, 0x00, 0x7F, 0xF8, 0x00, 0x00,
        0x00, 0x00, 0x00, 0x00, 0x7F, 0xF8, 0x00, 0x00, 0x00, 0x00, 0x00, 0x00,
        0x00, 0x00, 0x00, 0x00, 0x00, 0x00, 0x00, 0x00, 0x00, 0x00, 0x00, 0x00,
        0x00, 0x00, 0x00, 0x00, 0x00, 0x00, 0x00, 0x00,
    ]
}

ROUNDABOUT_SLIGHT_LEFT_COUNTERCLOCKWISE = {
    'w': 64, 'h': 76,
    'data': [
        0x00, 0x00, 0x00, 0x00, 0x00, 0x00, 0x00, 0x00, 0x00, 0x00, 0x00, 0x00,
        0x00, 0x00, 0x00, 0x00, 0x00, 0x00, 0x00, 0x00, 0x00, 0x00, 0x00, 0x00,
        0x30, 0x00, 0x00, 0x00, 0x00, 0x00, 0x00, 0x00, 0x3F, 0x80, 0x00, 0x00,
        0x00, 0x00, 0x00, 0x00, 0x3F, 0xFE, 0x00, 0x00, 0x00, 0x00, 0x00, 0x00,
        0x3F, 0xFF, 0xF0, 0x00, 0x00, 0x00, 0x00, 0x00, 0x3F, 0xFF, 0xFF, 0x00,
        0x00, 0x00, 0x00, 0x00, 0x3F, 0xFF, 0xFF, 0xC0, 0x00, 0x00, 0x00, 0x00,
        0x1F, 0xFF, 0xFF, 0xE0, 0x00, 0x00, 0x00, 0x00, 0x1F, 0xFF, 0xFF, 0xE0,
        0x00, 0x00, 0x00, 0x00, 0x1F, 0xFF, 0xFF, 0xC0, 0x00, 0x00, 0x00, 0x00,
        0x1F, 0xFF, 0xFF, 0x00, 0x00, 0x00, 0x00, 0x00, 0x1F, 0xFF, 0xFC, 0x00,
        0x00, 0x00, 0x00, 0x00, 0x1F, 0xFF, 0xF8, 0x00, 0x00, 0x00, 0x00, 0x00,
        0x0F, 0xFF, 0xFC, 0x00, 0x00, 0x00, 0x00, 0x00, 0x0F, 0xFF, 0xFE, 0x00,
        0x03, 0x80, 0x00, 0x00, 0x0F, 0xFF, 0xFF, 0x00, 0xFF, 0xFC, 0x00, 0x00,
        0x0F, 0xFF, 0xFF, 0x87, 0xFF, 0xFF, 0x80, 0x00, 0x0F, 0xFF, 0xFF, 0xDF,
        0xFF, 0xFF, 0xE0, 0x00, 0x07, 0xFF, 0xFF, 0xFF, 0xFF, 0xFF, 0xF8, 0x00,
        0x07, 0xFF, 0xFF, 0xFF, 0xFF, 0xFF, 0xFC, 0x00, 0x07, 0xFF, 0xFF, 0xFF,
        0xFF, 0xFF, 0xFE, 0x00, 0x07, 0xF3, 0xFF, 0xFF, 0xFF, 0xFF, 0xFF, 0x00,
        0x07, 0xF1, 0xFF, 0xFF, 0xFF, 0xFF, 0xFF, 0x80, 0x03, 0xE0, 0xFF, 0xFF,
        0xFF, 0xFF, 0xFF, 0xC0, 0x03, 0xC0, 0x7F, 0xFF, 0xFF, 0xFF, 0xFF, 0xE0,
        0x03, 0xC0, 0x3F, 0xFF, 0xFF, 0xFF, 0xFF, 0xF0, 0x00, 0x00, 0x3F, 0xFF,
        0xC0, 0x0F, 0xFF, 0xF0, 0x00, 0x00, 0x5F, 0xFF, 0x00, 0x03, 0xFF, 0xF8,
        0x00, 0x00, 0x2F, 0xFE, 0x00, 0x01, 0xFF, 0xF8, 0x00, 0x00, 0x57, 0xFC,
        0x00, 0x00, 0xFF, 0xFC, 0x00, 0x00, 0xAB, 0xF8, 0x00, 0x00, 0x7F, 0xFC,
        0x00, 0x00, 0x55, 0x50, 0x00, 0x00, 0x3F, 0xFC, 0x00, 0x00, 0xAA, 0xA0,
        0x00, 0x00, 0x1F, 0xFE, 0x00, 0x01, 0x55, 0x40, 0x00, 0x00, 0x1F, 0xFE,
        0x00, 0x00, 0xAA, 0xA0, 0x00, 0x00, 0x0F, 0xFE, 0x00, 0x01, 0x55, 0x40,
        0x00, 0x00, 0x0F, 0xFE, 0x00, 0x00, 0xAA, 0x80, 0x00, 0x00, 0x0F, 0xFE,
        0x00, 0x01, 0x55, 0x40, 0x00, 0x00, 0x0F, 0xFE, 0x00, 0x00, 0xAA, 0x80,
        0x00, 0x00, 0x0F, 0xFF, 0x00, 0x01, 0x55, 0x40, 0x00, 0x00, 0x0F, 0xFF,
        0x00, 0x00, 0xAA, 0x80, 0x00, 0x00, 0x0F, 0xFE, 0x00, 0x01, 0x55, 0x40,
        0x00, 0x00, 0x0F, 0xFE, 0x00, 0x00, 0xAA, 0xA0, 0x00, 0x00, 0x0F, 0xFE,
        0x00, 0x01, 0x55, 0x40, 0x00, 0x00, 0x1F, 0xFE, 0x00, 0x00, 0xAA, 0xA0,
        0x00, 0x00, 0x1F, 0xFE, 0x00, 0x00, 0x55, 0x50, 0x00, 0x00, 0x3F, 0xFE,
        0x00, 0x00, 0xAA, 0xA0, 0x00, 0x00, 0x3F, 0xFC, 0x00, 0x00, 0x55, 0x50,
        0x00, 0x00, 0x7F, 0xFC, 0x00, 0x00, 0x2A, 0xA8, 0x00, 0x00, 0xFF, 0xFC,
        0x00, 0x00, 0x55, 0x54, 0x00, 0x01, 0xFF, 0xF8, 0x00, 0x00, 0x2A, 0xAA,
        0x80, 0x07, 0xFF, 0xF8, 0x00, 0x00, 0x15, 0x55, 0x40, 0x1F, 0xFF, 0xF0,
        0x00, 0x00, 0x0A, 0xAA, 0xAF, 0xFF, 0xFF, 0xE0, 0x00, 0x00, 0x05, 0x55,
        0x5F, 0xFF, 0xFF, 0xE0, 0x00, 0x00, 0x0A, 0xAA, 0xBF, 0xFF, 0xFF, 0xC0,
        0x00, 0x00, 0x05, 0x55, 0x7F, 0xFF, 0xFF, 0x80, 0x00, 0x00, 0x02, 0xAA,
        0xBF, 0xFF, 0xFF, 0x00, 0x00, 0x00, 0x01, 0x55, 0x7F, 0xFF, 0xFE, 0x00,
        0x00, 0x00, 0x00, 0x2A, 0xBF, 0xFF, 0xFC, 0x00, 0x00, 0x00, 0x00, 0x15,
        0x7F, 0xFF, 0xF0, 0x00, 0x00, 0x00, 0x00, 0x0A, 0xBF, 0xFF, 0xE0, 0x00,
        0x00, 0x00, 0x00, 0x01, 0x7F, 0xFF, 0x00, 0x00, 0x00, 0x00, 0x00, 0x00,
        0xBF, 0xFC, 0x00, 0x00, 0x00, 0x00, 0x00, 0x00, 0x3F, 0xF8, 0x00, 0x00,
        0x00, 0x00, 0x00, 0x00, 0x3F, 0xF8, 0x00, 0x00, 0x00, 0x00, 0x00, 0x00,
        0x3F, 0xF8, 0x00, 0x00, 0x00, 0x00, 0x00, 0x00, 0x3F, 0xF8, 0x00, 0x00,
        0x00, 0x00, 0x00, 0x00, 0x3F, 0xF8, 0x00, 0x00, 0x00, 0x00, 0x00, 0x00,
        0x3F, 0xF8, 0x00, 0x00, 0x00, 0x00, 0x00, 0x00, 0x3F, 0xF8, 0x00, 0x00,
        0x00, 0x00, 0x00, 0x00, 0x3F, 0xF8, 0x00, 0x00, 0x00, 0x00, 0x00, 0x00,
        0x00, 0x00, 0x00, 0x00, 0x00, 0x00, 0x00, 0x00, 0x00, 0x00, 0x00, 0x00,
        0x00, 0x00, 0x00, 0x00, 0x00, 0x00, 0x00, 0x00,
    ]
}

ROUNDABOUT_SLIGHT_RIGHT_CLOCKWISE = {
    'w': 64, 'h': 76,
    'data': [
        0x00, 0x00, 0x00, 0x00, 0x00, 0x00, 0x00, 0x00, 0x00, 0x00, 0x00, 0x00,
        0x00, 0x00, 0x00, 0x00, 0x00, 0x00, 0x00, 0x00, 0x00, 0x00, 0x00, 0x00,
        0x00, 0x00, 0x00, 0x00, 0x00, 0x00, 0x00, 0x0C, 0x00, 0x00, 0x00, 0x00,
        0x00, 0x00, 0x01, 0xFC, 0x00, 0x00, 0x00, 0x00, 0x00, 0x00, 0x7F, 0xFC,
        0x00, 0x00, 0x00, 0x00, 0x00, 0x0F, 0xFF, 0xFC, 0x00, 0x00, 0x00, 0x00,
        0x00, 0xFF, 0xFF, 0xFC, 0x00, 0x00, 0x00, 0x00, 0x03, 0xFF, 0xFF, 0xFC,
        0x00, 0x00, 0x00, 0x00, 0x07, 0xFF, 0xFF, 0xF8, 0x00, 0x00, 0x00, 0x00,
        0x07, 0xFF, 0xFF, 0xF8, 0x00, 0x00, 0x00, 0x00, 0x03, 0xFF, 0xFF, 0xF8,
        0x00, 0x00, 0x00, 0x00, 0x00, 0xFF, 0xFF, 0xF8, 0x00, 0x00, 0x00, 0x00,
        0x00, 0x3F, 0xFF, 0xF8, 0x00, 0x00, 0x00, 0x00, 0x00, 0x1F, 0xFF, 0xF8,
        0x00, 0x00, 0x00, 0x00, 0x00, 0x3F, 0xFF, 0xF0, 0x00, 0x00, 0x01, 0xC0,
        0x00, 0x7F, 0xFF, 0xF0, 0x00, 0x00, 0x3F, 0xFF, 0x00, 0xFF, 0xFF, 0xF0,
        0x00, 0x01, 0xFF, 0xFF, 0xE1, 0xFF, 0xFF, 0xF0, 0x00, 0x07, 0xFF, 0xFF,
        0xFB, 0xFF, 0xFF, 0xF0, 0x00, 0x1F, 0xFF, 0xFF, 0xFF, 0xFF, 0xFF, 0xE0,
        0x00, 0x3F, 0xFF, 0xFF, 0xFF, 0xFF, 0xFF, 0xE0, 0x00, 0x7F, 0xFF, 0xFF,
        0xFF, 0xFF, 0xFF, 0xE0, 0x00, 0xFF, 0xFF, 0xFF, 0xFF, 0xFF, 0xCF, 0xE0,
        0x01, 0xFF, 0xFF, 0xFF, 0xFF, 0xFF, 0x8F, 0xE0, 0x03, 0xFF, 0xFF, 0xFF,
        0xFF, 0xFF, 0x07, 0xC0, 0x07, 0xFF, 0xFF, 0xFF, 0xFF, 0xFE, 0x03, 0xC0,
        0x0F, 0xFF, 0xFF, 0xFF, 0xFF, 0xFC, 0x03, 0xC0, 0x0F, 0xFF, 0xF0, 0x03,
        0xFF, 0xFC, 0x00, 0x00, 0x1F, 0xFF, 0xC0, 0x00, 0xFF, 0xFA, 0x00, 0x00,
        0x1F, 0xFF, 0x80, 0x00, 0x7F, 0xF4, 0x00, 0x00, 0x3F, 0xFF, 0x00, 0x00,
        0x3F, 0xEA, 0x00, 0x00, 0x3F, 0xFE, 0x00, 0x00, 0x1F, 0xD5, 0x00, 0x00,
        0x3F, 0xFC, 0x00, 0x00, 0x0A, 0xAA, 0x00, 0x00, 0x7F, 0xF8, 0x00, 0x00,
        0x05, 0x55, 0x00, 0x00, 0x7F, 0xF8, 0x00, 0x00, 0x02, 0xAA, 0x80, 0x00,
        0x7F, 0xF0, 0x00, 0x00, 0x05, 0x55, 0x00, 0x00, 0x7F, 0xF0, 0x00, 0x00,
        0x02, 0xAA, 0x80, 0x00, 0x7F, 0xF0, 0x00, 0x00, 0x01, 0x55, 0x00, 0x00,
        0x7F, 0xF0, 0x00, 0x00, 0x02, 0xAA, 0x80, 0x00, 0xFF, 0xF0, 0x00, 0x00,
        0x01, 0x55, 0x00, 0x00, 0xFF, 0xF0, 0x00, 0x00, 0x02, 0xAA, 0x80, 0x00,
        0x7F, 0xF0, 0x00, 0x00, 0x01, 0x55, 0x00, 0x00, 0x7F, 0xF0, 0x00, 0x00,
        0x02, 0xAA, 0x80, 0x00, 0x7F, 0xF0, 0x00, 0x00, 0x05, 0x55, 0x00, 0x00,
        0x7F, 0xF8, 0x00, 0x00, 0x02, 0xAA, 0x80, 0x00, 0x7F, 0xF8, 0x00, 0x00,
        0x05, 0x55, 0x00, 0x00, 0x7F, 0xFC, 0x00, 0x00, 0x0A, 0xAA, 0x00, 0x00,
        0x3F, 0xFC, 0x00, 0x00, 0x05, 0x55, 0x00, 0x00, 0x3F, 0xFE, 0x00, 0x00,
        0x0A, 0xAA, 0x00, 0x00, 0x3F, 0xFF, 0x00, 0x00, 0x15, 0x54, 0x00, 0x00,
        0x1F, 0xFF, 0x80, 0x00, 0x2A, 0xAA, 0x00, 0x00, 0x1F, 0xFF, 0xE0, 0x01,
        0x55, 0x54, 0x00, 0x00, 0x0F, 0xFF, 0xF8, 0x02, 0xAA, 0xA8, 0x00, 0x00,
        0x07, 0xFF, 0xFF, 0xF5, 0x55, 0x50, 0x00, 0x00, 0x07, 0xFF, 0xFF, 0xFA,
        0xAA, 0xA0, 0x00, 0x00, 0x03, 0xFF, 0xFF, 0xFD, 0x55, 0x50, 0x00, 0x00,
        0x01, 0xFF, 0xFF, 0xFE, 0xAA, 0xA0, 0x00, 0x00, 0x00, 0xFF, 0xFF, 0xFD,
        0x55, 0x40, 0x00, 0x00, 0x00, 0x7F, 0xFF, 0xFE, 0xAA, 0x80, 0x00, 0x00,
        0x00, 0x3F, 0xFF, 0xFD, 0x54, 0x00, 0x00, 0x00, 0x00, 0x0F, 0xFF, 0xFE,
        0xA8, 0x00, 0x00, 0x00, 0x00, 0x07, 0xFF, 0xFD, 0x50, 0x00, 0x00, 0x00,
        0x00, 0x00, 0xFF, 0xFE, 0x80, 0x00, 0x00, 0x00, 0x00, 0x00, 0x3F, 0xFD,
        0x00, 0x00, 0x00, 0x00, 0x00, 0x00, 0x1F, 0xFC, 0x00, 0x00, 0x00, 0x00,
        0x00, 0x00, 0x1F, 0xFC, 0x00, 0x00, 0x00, 0x00, 0x00, 0x00, 0x1F, 0xFC,
        0x00, 0x00, 0x00, 0x00, 0x00, 0x00, 0x1F, 0xFC, 0x00, 0x00, 0x00, 0x00,
        0x00, 0x00, 0x1F, 0xFC, 0x00, 0x00, 0x00, 0x00, 0x00, 0x00, 0x1F, 0xFC,
        0x00, 0x00, 0x00, 0x00, 0x00, 0x00, 0x1F, 0xFC, 0x00, 0x00, 0x00, 0x00,
        0x00, 0x00, 0x1F, 0xFC, 0x00, 0x00, 0x00, 0x00, 0x00, 0x00, 0x00, 0x00,
        0x00, 0x00, 0x00, 0x00, 0x00, 0x00, 0x00, 0x00, 0x00, 0x00, 0x00, 0x00,
        0x00, 0x00, 0x00, 0x00, 0x00, 0x00, 0x00, 0x00,
    ]
}

ROUNDABOUT_SLIGHT_RIGHT_COUNTERCLOCKWISE = {
    'w': 64, 'h': 76,
    'data': [
        0x00, 0x00, 0x00, 0x00, 0x00, 0x00, 0x00, 0x00, 0x00, 0x00, 0x00, 0x00,
        0x00, 0x00, 0x00, 0x00, 0x00, 0x00, 0x00, 0x00, 0x00, 0x00, 0x00, 0x00,
        0x00, 0x00, 0x00, 0x00, 0x00, 0x00, 0x00, 0x0E, 0x00, 0x00, 0x00, 0x00,
        0x00, 0x00, 0x01, 0xFE, 0x00, 0x00, 0x00, 0x00, 0x00, 0x00, 0x7F, 0xFC,
        0x00, 0x00, 0x00, 0x00, 0x00, 0x0F, 0xFF, 0xFC, 0x00, 0x00, 0x00, 0x00,
        0x00, 0xFF, 0xFF, 0xFC, 0x00, 0x00, 0x00, 0x00, 0x03, 0xFF, 0xFF, 0xFC,
        0x00, 0x00, 0x00, 0x00, 0x03, 0xFF, 0xFF, 0xFC, 0x00, 0x00, 0x00, 0x00,
        0x03, 0xFF, 0xFF, 0xFC, 0x00, 0x00, 0x00, 0x00, 0x03, 0xFF, 0xFF, 0xF8,
        0x00, 0x00, 0x00, 0x00, 0x00, 0xFF, 0xFF, 0xF8, 0x00, 0x00, 0x00, 0x00,
        0x00, 0x3F, 0xFF, 0xF8, 0x00, 0x00, 0x00, 0x00, 0x00, 0x1F, 0xFF, 0xF8,
        0x00, 0x00, 0x00, 0x00, 0x00, 0x3F, 0xFF, 0xF8, 0x00, 0x00, 0x01, 0x50,
        0x00, 0x7F, 0xFF, 0xF0, 0x00, 0x00, 0x2A, 0xAA, 0x00, 0xFF, 0xFF, 0xF0,
        0x00, 0x01, 0x55, 0x55, 0x41, 0xFF, 0xFF, 0xF0, 0x00, 0x02, 0xAA, 0xAA,
        0xAB, 0xFF, 0xFF, 0xF0, 0x00, 0x05, 0x55, 0x55, 0x57, 0xFF, 0xFF, 0xF0,
        0x00, 0x2A, 0xAA, 0xAA, 0xAF, 0xFF, 0xFF, 0xE0, 0x00, 0x55, 0x55, 0x55,
        0x4F, 0xFF, 0xFF, 0xE0, 0x00, 0xAA, 0xAA, 0xAA, 0xBF, 0xFF, 0xCF, 0xE0,
        0x01, 0x55, 0x55, 0x55, 0x7F, 0xFF, 0x87, 0xE0, 0x02, 0xAA, 0xAA, 0xAA,
        0xFF, 0xFF, 0x07, 0xC0, 0x05, 0x55, 0x55, 0x55, 0x7F, 0xFE, 0x03, 0xC0,
        0x02, 0xAA, 0xAA, 0xAA, 0xFF, 0xFC, 0x03, 0xC0, 0x05, 0x55, 0x50, 0x01,
        0x7F, 0xFC, 0x00, 0x00, 0x0A, 0xAA, 0x80, 0x00, 0xFF, 0xFE, 0x00, 0x00,
        0x15, 0x55, 0x00, 0x00, 0x3F, 0xFE, 0x00, 0x00, 0x0A, 0xAA, 0x00, 0x00,
        0x1F, 0xFF, 0x00, 0x00, 0x15, 0x54, 0x00, 0x00, 0x1F, 0xFF, 0x00, 0x00,
        0x2A, 0xA8, 0x00, 0x00, 0x0F, 0xFF, 0x00, 0x00, 0x55, 0x54, 0x00, 0x00,
        0x07, 0xFF, 0x80, 0x00, 0x2A, 0xA8, 0x00, 0x00, 0x07, 0xFF, 0x80, 0x00,
        0x55, 0x50, 0x00, 0x00, 0x03, 0xFF, 0x80, 0x00, 0x2A, 0xA0, 0x00, 0x00,
        0x03, 0xFF, 0x80, 0x00, 0x55, 0x50, 0x00, 0x00, 0x03, 0xFF, 0x80, 0x00,
        0x2A, 0xA0, 0x00, 0x00, 0x03, 0xFF, 0x80, 0x00, 0x55, 0x50, 0x00, 0x00,
        0x03, 0xFF, 0x80, 0x00, 0x2A, 0xA0, 0x00, 0x00, 0x03, 0xFF, 0x80, 0x00,
        0x55, 0x50, 0x00, 0x00, 0x03, 0xFF, 0x80, 0x00, 0x2A, 0xA0, 0x00, 0x00,
        0x03, 0xFF, 0x80, 0x00, 0x55, 0x50, 0x00, 0x00, 0x03, 0xFF, 0x80, 0x00,
        0x2A, 0xA8, 0x00, 0x00, 0x03, 0xFF, 0x80, 0x00, 0x55, 0x50, 0x00, 0x00,
        0x07, 0xFF, 0x80, 0x00, 0x2A, 0xA8, 0x00, 0x00, 0x07, 0xFF, 0x80, 0x00,
        0x15, 0x54, 0x00, 0x00, 0x0F, 0xFF, 0x00, 0x00, 0x2A, 0xAA, 0x00, 0x00,
        0x1F, 0xFF, 0x00, 0x00, 0x15, 0x55, 0x00, 0x00, 0x3F, 0xFF, 0x00, 0x00,
        0x0A, 0xAA, 0x80, 0x00, 0x7F, 0xFE, 0x00, 0x00, 0x05, 0x55, 0x40, 0x01,
        0xFF, 0xFE, 0x00, 0x00, 0x0A, 0xAA, 0xA8, 0x07, 0xFF, 0xFC, 0x00, 0x00,
        0x05, 0x55, 0x54, 0xFF, 0xFF, 0xF8, 0x00, 0x00, 0x02, 0xAA, 0xAB, 0xFF,
        0xFF, 0xF8, 0x00, 0x00, 0x01, 0x55, 0x57, 0xFF, 0xFF, 0xF0, 0x00, 0x00,
        0x00, 0xAA, 0xAF, 0xFF, 0xFF, 0xE0, 0x00, 0x00, 0x00, 0x55, 0x5F, 0xFF,
        0xFF, 0xC0, 0x00, 0x00, 0x00, 0x2A, 0xAF, 0xFF, 0xFF, 0x80, 0x00, 0x00,
        0x00, 0x15, 0x5F, 0xFF, 0xFF, 0x00, 0x00, 0x00, 0x00, 0x0A, 0xBF, 0xFF,
        0xFC, 0x00, 0x00, 0x00, 0x00, 0x01, 0x5F, 0xFF, 0xF8, 0x00, 0x00, 0x00,
        0x00, 0x00, 0xBF, 0xFF, 0xE0, 0x00, 0x00, 0x00, 0x00, 0x00, 0x1F, 0xFE,
        0x00, 0x00, 0x00, 0x00, 0x00, 0x00, 0x1F, 0xFE, 0x00, 0x00, 0x00, 0x00,
        0x00, 0x00, 0x1F, 0xFE, 0x00, 0x00, 0x00, 0x00, 0x00, 0x00, 0x1F, 0xFE,
        0x00, 0x00, 0x00, 0x00, 0x00, 0x00, 0x1F, 0xFE, 0x00, 0x00, 0x00, 0x00,
        0x00, 0x00, 0x1F, 0xFE, 0x00, 0x00, 0x00, 0x00, 0x00, 0x00, 0x1F, 0xFE,
        0x00, 0x00, 0x00, 0x00, 0x00, 0x00, 0x1F, 0xFE, 0x00, 0x00, 0x00, 0x00,
        0x00, 0x00, 0x1F, 0xFE, 0x00, 0x00, 0x00, 0x00, 0x00, 0x00, 0x00, 0x00,
        0x00, 0x00, 0x00, 0x00, 0x00, 0x00, 0x00, 0x00, 0x00, 0x00, 0x00, 0x00,
        0x00, 0x00, 0x00, 0x00, 0x00, 0x00, 0x00, 0x00,
    ]
}

ROUNDABOUT_STRAIGHT_CLOCKWISE = {
    'w': 64, 'h': 76,
    'data': [
        0x00, 0x00, 0x00, 0x00, 0x00, 0x00, 0x00, 0x00, 0x00, 0x00, 0x00, 0x00,
        0x00, 0x00, 0x00, 0x00, 0x00, 0x00, 0x00, 0x00, 0x00, 0x00, 0x00, 0x00,
        0x00, 0x00, 0x00, 0x01, 0x00, 0x00, 0x00, 0x00, 0x00, 0x00, 0x00, 0x03,
        0x00, 0x00, 0x00, 0x00, 0x00, 0x00, 0x00, 0x07, 0x80, 0x00, 0x00, 0x00,
        0x00, 0x00, 0x00, 0x07, 0xC0, 0x00, 0x00, 0x00, 0x00, 0x00, 0x00, 0x0F,
        0xE0, 0x00, 0x00, 0x00, 0x00, 0x00, 0x00, 0x1F, 0xE0, 0x00, 0x00, 0x00,
        0x00, 0x00, 0x00, 0x1F, 0xF0, 0x00, 0x00, 0x00, 0x00, 0x00, 0x00, 0x3F,
        0xF8, 0x00, 0x00, 0x00, 0x00, 0x00, 0x00, 0x7F, 0xF8, 0x00, 0x00, 0x00,
        0x00, 0x00, 0x00, 0xFF, 0xFC, 0x00, 0x00, 0x00, 0x00, 0x00, 0x00, 0xFF,
        0xFE, 0x00, 0x00, 0x00, 0x00, 0x00, 0x01, 0xFF, 0xFE, 0x00, 0x00, 0x00,
        0x00, 0x00, 0x03, 0xFF, 0xFF, 0x00, 0x00, 0x00, 0x00, 0x00, 0x03, 0xFF,
        0xFF, 0x80, 0x00, 0x00, 0x00, 0x00, 0x07, 0xFF, 0xFF, 0x80, 0x00, 0x00,
        0x00, 0x00, 0x07, 0xFF, 0xFF, 0xC0, 0x00, 0x00, 0x00, 0x00, 0x0F, 0xFF,
        0xFF, 0xE0, 0x00, 0x00, 0x00, 0x00, 0x1F, 0xFF, 0xFF, 0xE0, 0x00, 0x00,
        0x00, 0x00, 0x1F, 0xFF, 0xFF, 0xF0, 0x00, 0x00, 0x00, 0x00, 0x3F, 0xFF,
        0xFF, 0xF0, 0x00, 0x00, 0x00, 0x00, 0x3F, 0xFF, 0xFF, 0xF8, 0x00, 0x00,
        0x00, 0x00, 0x7F, 0xFF, 0xFF, 0xF8, 0x00, 0x00, 0x00, 0x00, 0x3C, 0x3F,
        0xF8, 0xF0, 0x00, 0x00, 0x00, 0x00, 0x00, 0x3F, 0xF8, 0x00, 0x00, 0x00,
        0x00, 0x00, 0x00, 0x3F, 0xF8, 0x00, 0x00, 0x00, 0x00, 0x00, 0x00, 0x3F,
        0xF8, 0x00, 0x00, 0x00, 0x00, 0x00, 0x00, 0x7F, 0xF8, 0x00, 0x00, 0x00,
        0x00, 0x00, 0x01, 0xFF, 0xFD, 0x00, 0x00, 0x00, 0x00, 0x00, 0x07, 0xFF,
        0xFA, 0x80, 0x00, 0x00, 0x00, 0x00, 0x0F, 0xFF, 0xFD, 0x40, 0x00, 0x00,
        0x00, 0x00, 0x3F, 0xFF, 0xFA, 0xA0, 0x00, 0x00, 0x00, 0x00, 0x7F, 0xFF,
        0xFD, 0x50, 0x00, 0x00, 0x00, 0x00, 0xFF, 0xFF, 0xFA, 0xA8, 0x00, 0x00,
        0x00, 0x01, 0xFF, 0xFF, 0xF5, 0x54, 0x00, 0x00, 0x00, 0x01, 0xFF, 0xFF,
        0xFA, 0xAA, 0x00, 0x00, 0x00, 0x03, 0xFF, 0xFF, 0xF5, 0x55, 0x00, 0x00,
        0x00, 0x03, 0xFF, 0xFF, 0xAA, 0xAA, 0x80, 0x00, 0x00, 0x07, 0xFF, 0xF0,
        0x15, 0x55, 0x00, 0x00, 0x00, 0x07, 0xFF, 0xC0, 0x0A, 0xAA, 0x80, 0x00,
        0x00, 0x0F, 0xFF, 0x80, 0x05, 0x55, 0x40, 0x00, 0x00, 0x0F, 0xFF, 0x00,
        0x02, 0xAA, 0x80, 0x00, 0x00, 0x0F, 0xFF, 0x00, 0x01, 0x55, 0x40, 0x00,
        0x00, 0x0F, 0xFE, 0x00, 0x00, 0xAA, 0xA0, 0x00, 0x00, 0x0F, 0xFE, 0x00,
        0x00, 0x55, 0x40, 0x00, 0x00, 0x1F, 0xFE, 0x00, 0x00, 0xAA, 0xA0, 0x00,
        0x00, 0x0F, 0xFE, 0x00, 0x00, 0x55, 0x40, 0x00, 0x00, 0x0F, 0xFE, 0x00,
        0x00, 0xAA, 0xA0, 0x00, 0x00, 0x0F, 0xFE, 0x00, 0x00, 0x55, 0x40, 0x00,
        0x00, 0x0F, 0xFE, 0x00, 0x00, 0xAA, 0xA0, 0x00, 0x00, 0x0F, 0xFF, 0x00,
        0x01, 0x55, 0x40, 0x00, 0x00, 0x0F, 0xFF, 0x00, 0x02, 0xAA, 0xA0, 0x00,
        0x00, 0x0F, 0xFF, 0x80, 0x01, 0x55, 0x40, 0x00, 0x00, 0x07, 0xFF, 0xC0,
        0x0A, 0xAA, 0x80, 0x00, 0x00, 0x07, 0xFF, 0xF0, 0x15, 0x55, 0x40, 0x00,
        0x00, 0x03, 0xFF, 0xFF, 0x2A, 0xAA, 0x80, 0x00, 0x00, 0x03, 0xFF, 0xFF,
        0xF5, 0x55, 0x00, 0x00, 0x00, 0x01, 0xFF, 0xFF, 0xFA, 0xAA, 0x00, 0x00,
        0x00, 0x01, 0xFF, 0xFF, 0xFD, 0x54, 0x00, 0x00, 0x00, 0x00, 0xFF, 0xFF,
        0xFA, 0xA8, 0x00, 0x00, 0x00, 0x00, 0x7F, 0xFF, 0xFD, 0x50, 0x00, 0x00,
        0x00, 0x00, 0x3F, 0xFF, 0xFA, 0xA0, 0x00, 0x00, 0x00, 0x00, 0x1F, 0xFF,
        0xFD, 0x40, 0x00, 0x00, 0x00, 0x00, 0x07, 0xFF, 0xFA, 0x80, 0x00, 0x00,
        0x00, 0x00, 0x01, 0xFF, 0xFD, 0x00, 0x00, 0x00, 0x00, 0x00, 0x00, 0x7F,
        0xF8, 0x00, 0x00, 0x00, 0x00, 0x00, 0x00, 0x3F, 0xF8, 0x00, 0x00, 0x00,
        0x00, 0x00, 0x00, 0x3F, 0xF8, 0x00, 0x00, 0x00, 0x00, 0x00, 0x00, 0x3F,
        0xF8, 0x00, 0x00, 0x00, 0x00, 0x00, 0x00, 0x3F, 0xF8, 0x00, 0x00, 0x00,
        0x00, 0x00, 0x00, 0x3F, 0xF8, 0x00, 0x00, 0x00, 0x00, 0x00, 0x00, 0x00,
        0x00, 0x00, 0x00, 0x00, 0x00, 0x00, 0x00, 0x00, 0x00, 0x00, 0x00, 0x00,
        0x00, 0x00, 0x00, 0x00, 0x00, 0x00, 0x00, 0x00,
    ]
}

ROUNDABOUT_STRAIGHT_COUNTERCLOCKWISE = {
    'w': 64, 'h': 76,
    'data': [
        0x00, 0x00, 0x00, 0x00, 0x00, 0x00, 0x00, 0x00, 0x00, 0x00, 0x00, 0x00,
        0x00, 0x00, 0x00, 0x00, 0x00, 0x00, 0x00, 0x00, 0x00, 0x00, 0x00, 0x00,
        0x00, 0x00, 0x00, 0x00, 0x80, 0x00, 0x00, 0x00, 0x00, 0x00, 0x00, 0x00,
        0xC0, 0x00, 0x00, 0x00, 0x00, 0x00, 0x00, 0x01, 0xE0, 0x00, 0x00, 0x00,
        0x00, 0x00, 0x00, 0x03, 0xE0, 0x00, 0x00, 0x00, 0x00, 0x00, 0x00, 0x07,
        0xF0, 0x00, 0x00, 0x00, 0x00, 0x00, 0x00, 0x07, 0xF8, 0x00, 0x00, 0x00,
        0x00, 0x00, 0x00, 0x0F, 0xF8, 0x00, 0x00, 0x00, 0x00, 0x00, 0x00, 0x1F,
        0xFC, 0x00, 0x00, 0x00, 0x00, 0x00, 0x00, 0x1F, 0xFE, 0x00, 0x00, 0x00,
        0x00, 0x00, 0x00, 0x3F, 0xFF, 0x00, 0x00, 0x00, 0x00, 0x00, 0x00, 0x7F,
        0xFF, 0x00, 0x00, 0x00, 0x00, 0x00, 0x00, 0x7F, 0xFF, 0x80, 0x00, 0x00,
        0x00, 0x00, 0x00, 0xFF, 0xFF, 0xC0, 0x00, 0x00, 0x00, 0x00, 0x01, 0xFF,
        0xFF, 0xC0, 0x00, 0x00, 0x00, 0x00, 0x01, 0xFF, 0xFF, 0xE0, 0x00, 0x00,
        0x00, 0x00, 0x03, 0xFF, 0xFF, 0xE0, 0x00, 0x00, 0x00, 0x00, 0x07, 0xFF,
        0xFF, 0xF0, 0x00, 0x00, 0x00, 0x00, 0x07, 0xFF, 0xFF, 0xF8, 0x00, 0x00,
        0x00, 0x00, 0x0F, 0xFF, 0xFF, 0xF8, 0x00, 0x00, 0x00, 0x00, 0x0F, 0xFF,
        0xFF, 0xFC, 0x00, 0x00, 0x00, 0x00, 0x1F, 0xFF, 0xFF, 0xFC, 0x00, 0x00,
        0x00, 0x00, 0x1F, 0xFF, 0xFF, 0xFE, 0x00, 0x00, 0x00, 0x00, 0x0F, 0x1F,
        0xFC, 0x3C, 0x00, 0x00, 0x00, 0x00, 0x00, 0x1F, 0xFC, 0x00, 0x00, 0x00,
        0x00, 0x00, 0x00, 0x1F, 0xFC, 0x00, 0x00, 0x00, 0x00, 0x00, 0x00, 0x1F,
        0xFC, 0x00, 0x00, 0x00, 0x00, 0x00, 0x00, 0x1F, 0xFE, 0x00, 0x00, 0x00,
        0x00, 0x00, 0x00, 0xBF, 0xFF, 0x80, 0x00, 0x00, 0x00, 0x00, 0x01, 0x5F,
        0xFF, 0xE0, 0x00, 0x00, 0x00, 0x00, 0x02, 0xBF, 0xFF, 0xF0, 0x00, 0x00,
        0x00, 0x00, 0x05, 0x5F, 0xFF, 0xFC, 0x00, 0x00, 0x00, 0x00, 0x0A, 0xBF,
        0xFF, 0xFE, 0x00, 0x00, 0x00, 0x00, 0x15, 0x5F, 0xFF, 0xFF, 0x00, 0x00,
        0x00, 0x00, 0x2A, 0xAF, 0xFF, 0xFF, 0x80, 0x00, 0x00, 0x00, 0x55, 0x5F,
        0xFF, 0xFF, 0x80, 0x00, 0x00, 0x00, 0xAA, 0xAF, 0xFF, 0xFF, 0xC0, 0x00,
        0x00, 0x01, 0x55, 0x55, 0xFF, 0xFF, 0xC0, 0x00, 0x00, 0x00, 0xAA, 0xA8,
        0x0F, 0xFF, 0xE0, 0x00, 0x00, 0x01, 0x55, 0x50, 0x03, 0xFF, 0xE0, 0x00,
        0x00, 0x02, 0xAA, 0xA0, 0x01, 0xFF, 0xF0, 0x00, 0x00, 0x01, 0x55, 0x40,
        0x00, 0xFF, 0xF0, 0x00, 0x00, 0x02, 0xAA, 0x80, 0x00, 0xFF, 0xF0, 0x00,
        0x00, 0x05, 0x55, 0x00, 0x00, 0x7F, 0xF0, 0x00, 0x00, 0x02, 0xAA, 0x00,
        0x00, 0x7F, 0xF0, 0x00, 0x00, 0x05, 0x55, 0x00, 0x00, 0x7F, 0xF8, 0x00,
        0x00, 0x02, 0xAA, 0x00, 0x00, 0x7F, 0xF0, 0x00, 0x00, 0x05, 0x55, 0x00,
        0x00, 0x7F, 0xF0, 0x00, 0x00, 0x02, 0xAA, 0x00, 0x00, 0x7F, 0xF0, 0x00,
        0x00, 0x05, 0x55, 0x00, 0x00, 0x7F, 0xF0, 0x00, 0x00, 0x02, 0xAA, 0x80,
        0x00, 0xFF, 0xF0, 0x00, 0x00, 0x05, 0x55, 0x40, 0x00, 0xFF, 0xF0, 0x00,
        0x00, 0x02, 0xAA, 0x80, 0x01, 0xFF, 0xF0, 0x00, 0x00, 0x01, 0x55, 0x50,
        0x03, 0xFF, 0xE0, 0x00, 0x00, 0x02, 0xAA, 0xA8, 0x0F, 0xFF, 0xE0, 0x00,
        0x00, 0x01, 0x55, 0x54, 0xFF, 0xFF, 0xC0, 0x00, 0x00, 0x00, 0xAA, 0xAF,
        0xFF, 0xFF, 0xC0, 0x00, 0x00, 0x00, 0x55, 0x5F, 0xFF, 0xFF, 0x80, 0x00,
        0x00, 0x00, 0x2A, 0xBF, 0xFF, 0xFF, 0x80, 0x00, 0x00, 0x00, 0x15, 0x5F,
        0xFF, 0xFF, 0x00, 0x00, 0x00, 0x00, 0x0A, 0xBF, 0xFF, 0xFE, 0x00, 0x00,
        0x00, 0x00, 0x05, 0x5F, 0xFF, 0xFC, 0x00, 0x00, 0x00, 0x00, 0x02, 0xBF,
        0xFF, 0xF8, 0x00, 0x00, 0x00, 0x00, 0x01, 0x5F, 0xFF, 0xE0, 0x00, 0x00,
        0x00, 0x00, 0x00, 0xBF, 0xFF, 0x80, 0x00, 0x00, 0x00, 0x00, 0x00, 0x1F,
        0xFE, 0x00, 0x00, 0x00, 0x00, 0x00, 0x00, 0x1F, 0xFC, 0x00, 0x00, 0x00,
        0x00, 0x00, 0x00, 0x1F, 0xFC, 0x00, 0x00, 0x00, 0x00, 0x00, 0x00, 0x1F,
        0xFC, 0x00, 0x00, 0x00, 0x00, 0x00, 0x00, 0x1F, 0xFC, 0x00, 0x00, 0x00,
        0x00, 0x00, 0x00, 0x1F, 0xFC, 0x00, 0x00, 0x00, 0x00, 0x00, 0x00, 0x00,
        0x00, 0x00, 0x00, 0x00, 0x00, 0x00, 0x00, 0x00, 0x00, 0x00, 0x00, 0x00,
        0x00, 0x00, 0x00, 0x00, 0x00, 0x00, 0x00, 0x00,
    ]
}

ROUNDABOUT_U_TURN_CLOCKWISE = {
    'w': 64, 'h': 76,
    'data': [
        0x00, 0x00, 0x00, 0x00, 0x00, 0x00, 0x00, 0x00, 0x00, 0x00, 0x00, 0x00,
        0x00, 0x00, 0x00, 0x00, 0x00, 0x00, 0x00, 0x00, 0x00, 0x00, 0x00, 0x00,
        0x00, 0x00, 0x00, 0x00, 0x00, 0x00, 0x00, 0x00, 0x00, 0x00, 0x00, 0x00,
        0x00, 0x00, 0x00, 0x00, 0x00, 0x00, 0x00, 0x00, 0x00, 0x00, 0x00, 0x00,
        0x00, 0x00, 0x00, 0x3F, 0xE0, 0x00, 0x00, 0x00, 0x00, 0x00, 0x01, 0xFF,
        0xFC, 0x00, 0x00, 0x00, 0x00, 0x00, 0x07, 0xFF, 0xFF, 0x00, 0x00, 0x00,
        0x00, 0x00, 0x1F, 0xFF, 0xFF, 0xC0, 0x00, 0x00, 0x00, 0x00, 0x3F, 0xFF,
        0xFF, 0xE0, 0x00, 0x00, 0x00, 0x00, 0x7F, 0xFF, 0xFF, 0xF0, 0x00, 0x00,
        0x00, 0x00, 0xFF, 0xFF, 0xFF, 0xF8, 0x00, 0x00, 0x00, 0x01, 0xFF, 0xFF,
        0xFF, 0xFC, 0x00, 0x00, 0x00, 0x03, 0xFF, 0xFF, 0xFF, 0xFE, 0x00, 0x00,
        0x00, 0x03, 0xFF, 0xFF, 0xFF, 0xFE, 0x00, 0x00, 0x00, 0x07, 0xFF, 0xFF,
        0xFF, 0xFF, 0x00, 0x00, 0x00, 0x07, 0xFF, 0xF8, 0xFF, 0xFF, 0x80, 0x00,
        0x00, 0x0F, 0xFF, 0xC0, 0x1F, 0xFF, 0x80, 0x00, 0x00, 0x0F, 0xFF, 0x80,
        0x0F, 0xFF, 0x80, 0x00, 0x00, 0x1F, 0xFF, 0x00, 0x07, 0xFF, 0xC0, 0x00,
        0x00, 0x1F, 0xFE, 0x00, 0x03, 0xFF, 0xC0, 0x00, 0x00, 0x1F, 0xFE, 0x00,
        0x01, 0xFF, 0xC0, 0x00, 0x00, 0x1F, 0xFC, 0x00, 0x01, 0xFF, 0xC0, 0x00,
        0x00, 0x1F, 0xFC, 0x00, 0x01, 0xFF, 0xC0, 0x00, 0x00, 0x1F, 0xFC, 0x00,
        0x01, 0xFF, 0xC0, 0x00, 0x00, 0x1F, 0xFC, 0x00, 0x01, 0xFF, 0xC0, 0x00,
        0x00, 0x1F, 0xFC, 0x00, 0x01, 0xFF, 0xC0, 0x00, 0x00, 0x1F, 0xFC, 0x00,
        0x01, 0xFF, 0xC0, 0x00, 0x00, 0x1F, 0xFE, 0x00, 0x03, 0xFF, 0xC0, 0x00,
        0x00, 0x1F, 0xFE, 0x00, 0x03, 0xFF, 0xC0, 0x00, 0x00, 0x1F, 0xFF, 0x00,
        0x07, 0xFF, 0xC0, 0x00, 0x00, 0x0F, 0xFF, 0x80, 0x0F, 0xFF, 0x80, 0x00,
        0x00, 0x0F, 0xFF, 0xC0, 0x1F, 0xFF, 0x80, 0x00, 0x00, 0x0F, 0xFF, 0xE0,
        0x3F, 0xFF, 0x80, 0x00, 0x00, 0x07, 0xFF, 0xF0, 0x7F, 0xFF, 0x00, 0x00,
        0x00, 0x07, 0xFF, 0xF0, 0xFF, 0xFE, 0x00, 0x00, 0x00, 0x03, 0xFF, 0xF8,
        0xFF, 0xFE, 0x00, 0x00, 0x00, 0x01, 0xFF, 0xF8, 0xFF, 0xFC, 0x00, 0x00,
        0x00, 0x00, 0xFF, 0xF8, 0xFF, 0xF8, 0x00, 0x00, 0x00, 0x00, 0x7F, 0xF8,
        0xFF, 0xF0, 0x00, 0x00, 0x00, 0x00, 0x7F, 0xF8, 0xFF, 0xE0, 0x00, 0x00,
        0x00, 0x00, 0x3F, 0xF8, 0xFF, 0xE0, 0x00, 0x00, 0x00, 0x00, 0x3F, 0xF8,
        0xFF, 0xE0, 0x00, 0x00, 0x00, 0x00, 0x3F, 0xF8, 0xFF, 0xE0, 0x00, 0x00,
        0x00, 0x00, 0x3F, 0xF8, 0xFF, 0xE0, 0x00, 0x00, 0x00, 0x00, 0x3F, 0x09,
        0xFF, 0xE0, 0x00, 0x00, 0x00, 0x00, 0x3E, 0xF1, 0xFF, 0xE1, 0xC0, 0x00,
        0x00, 0x00, 0x3C, 0xFF, 0xFF, 0xFF, 0xE0, 0x00, 0x00, 0x00, 0x3D, 0xFF,
        0xFF, 0xFF, 0xE0, 0x00, 0x00, 0x00, 0x3E, 0xFF, 0xFF, 0xFF, 0xE0, 0x00,
        0x00, 0x00, 0x3E, 0x7F, 0xFF, 0xFF, 0xC0, 0x00, 0x00, 0x00, 0x3F, 0x7F,
        0xFF, 0xFF, 0x80, 0x00, 0x00, 0x00, 0x3F, 0x3F, 0xFF, 0xFF, 0x80, 0x00,
        0x00, 0x00, 0x3F, 0xBF, 0xFF, 0xFF, 0x00, 0x00, 0x00, 0x00, 0x3F, 0xDF,
        0xFF, 0xFF, 0x00, 0x00, 0x00, 0x00, 0x3F, 0xCF, 0xFF, 0xFE, 0x00, 0x00,
        0x00, 0x00, 0x3F, 0xEF, 0xFF, 0xFC, 0x00, 0x00, 0x00, 0x00, 0x3F, 0xF7,
        0xFF, 0xFC, 0x00, 0x00, 0x00, 0x00, 0x3F, 0xF3, 0xFF, 0xF8, 0x00, 0x00,
        0x00, 0x00, 0x3F, 0xF9, 0xFF, 0xF0, 0x00, 0x00, 0x00, 0x00, 0x3F, 0xF9,
        0xFF, 0xF0, 0x00, 0x00, 0x00, 0x00, 0x3F, 0xF8, 0xFF, 0xE0, 0x00, 0x00,
        0x00, 0x00, 0x3F, 0xF8, 0x7F, 0xC0, 0x00, 0x00, 0x00, 0x00, 0x3F, 0xF8,
        0x7F, 0x80, 0x00, 0x00, 0x00, 0x00, 0x3F, 0xF8, 0x3F, 0x80, 0x00, 0x00,
        0x00, 0x00, 0x3F, 0xF8, 0x1F, 0x00, 0x00, 0x00, 0x00, 0x00, 0x3F, 0xF8,
        0x1E, 0x00, 0x00, 0x00, 0x00, 0x00, 0x3F, 0xF8, 0x0E, 0x00, 0x00, 0x00,
        0x00, 0x00, 0x3F, 0xF8, 0x04, 0x00, 0x00, 0x00, 0x00, 0x00, 0x00, 0x00,
        0x00, 0x00, 0x00, 0x00, 0x00, 0x00, 0x00, 0x00, 0x00, 0x00, 0x00, 0x00,
        0x00, 0x00, 0x00, 0x00, 0x00, 0x00, 0x00, 0x00, 0x00, 0x00, 0x00, 0x00,
        0x00, 0x00, 0x00, 0x00, 0x00, 0x00, 0x00, 0x00, 0x00, 0x00, 0x00, 0x00,
        0x00, 0x00, 0x00, 0x00, 0x00, 0x00, 0x00, 0x00,
    ]
}

ROUNDABOUT_U_TURN_COUNTERCLOCKWISE = {
    'w': 64, 'h': 76,
    'data': [
        0x00, 0x00, 0x00, 0x00, 0x00, 0x00, 0x00, 0x00, 0x00, 0x00, 0x00, 0x00,
        0x00, 0x00, 0x00, 0x00, 0x00, 0x00, 0x00, 0x00, 0x00, 0x00, 0x00, 0x00,
        0x00, 0x00, 0x00, 0x00, 0x00, 0x00, 0x00, 0x00, 0x00, 0x00, 0x00, 0x00,
        0x00, 0x00, 0x00, 0x00, 0x00, 0x00, 0x00, 0x00, 0x00, 0x00, 0x00, 0x00,
        0x00, 0x00, 0x00, 0x07, 0xFC, 0x00, 0x00, 0x00, 0x00, 0x00, 0x00, 0x3F,
        0xFF, 0x80, 0x00, 0x00, 0x00, 0x00, 0x00, 0xFF, 0xFF, 0xE0, 0x00, 0x00,
        0x00, 0x00, 0x03, 0xFF, 0xFF, 0xF8, 0x00, 0x00, 0x00, 0x00, 0x07, 0xFF,
        0xFF, 0xFC, 0x00, 0x00, 0x00, 0x00, 0x0F, 0xFF, 0xFF, 0xFE, 0x00, 0x00,
        0x00, 0x00, 0x1F, 0xFF, 0xFF, 0xFF, 0x00, 0x00, 0x00, 0x00, 0x3F, 0xFF,
        0xFF, 0xFF, 0x80, 0x00, 0x00, 0x00, 0x7F, 0xFF, 0xFF, 0xFF, 0xC0, 0x00,
        0x00, 0x00, 0x7F, 0xFF, 0xFF, 0xFF, 0xC0, 0x00, 0x00, 0x00, 0xFF, 0xFF,
        0xFF, 0xFF, 0xE0, 0x00, 0x00, 0x01, 0xFF, 0xFF, 0x1F, 0xFF, 0xE0, 0x00,
        0x00, 0x01, 0xFF, 0xF8, 0x03, 0xFF, 0xF0, 0x00, 0x00, 0x01, 0xFF, 0xF0,
        0x01, 0xFF, 0xF0, 0x00, 0x00, 0x03, 0xFF, 0xE0, 0x00, 0xFF, 0xF8, 0x00,
        0x00, 0x03, 0xFF, 0xC0, 0x00, 0x7F, 0xF8, 0x00, 0x00, 0x03, 0xFF, 0x80,
        0x00, 0x7F, 0xF8, 0x00, 0x00, 0x03, 0xFF, 0x80, 0x00, 0x3F, 0xF8, 0x00,
        0x00, 0x03, 0xFF, 0x80, 0x00, 0x3F, 0xF8, 0x00, 0x00, 0x03, 0xFF, 0x80,
        0x00, 0x3F, 0xF8, 0x00, 0x00, 0x03, 0xFF, 0x80, 0x00, 0x3F, 0xF8, 0x00,
        0x00, 0x03, 0xFF, 0x80, 0x00, 0x3F, 0xF8, 0x00, 0x00, 0x03, 0xFF, 0x80,
        0x00, 0x3F, 0xF8, 0x00, 0x00, 0x03, 0xFF, 0xC0, 0x00, 0x7F, 0xF8, 0x00,
        0x00, 0x03, 0xFF, 0xC0, 0x00, 0x7F, 0xF8, 0x00, 0x00, 0x03, 0xFF, 0xE0,
        0x00, 0xFF, 0xF8, 0x00, 0x00, 0x01, 0xFF, 0xF0, 0x01, 0xFF, 0xF0, 0x00,
        0x00, 0x01, 0xFF, 0xF8, 0x03, 0xFF, 0xF0, 0x00, 0x00, 0x01, 0xFF, 0xFC,
        0x07, 0xFF, 0xF0, 0x00, 0x00, 0x00, 0xFF, 0xFE, 0x0F, 0xFF, 0xE0, 0x00,
        0x00, 0x00, 0x7F, 0xFF, 0x0F, 0xFF, 0xE0, 0x00, 0x00, 0x00, 0x7F, 0xFF,
        0x1F, 0xFF, 0xC0, 0x00, 0x00, 0x00, 0x3F, 0xFF, 0x1F, 0xFF, 0x80, 0x00,
        0x00, 0x00, 0x1F, 0xFF, 0x1F, 0xFF, 0x00, 0x00, 0x00, 0x00, 0x0F, 0xFF,
        0x1F, 0xFE, 0x00, 0x00, 0x00, 0x00, 0x07, 0xFF, 0x1F, 0xFE, 0x00, 0x00,
        0x00, 0x00, 0x07, 0xFF, 0x1F, 0xFC, 0x00, 0x00, 0x00, 0x00, 0x07, 0xFF,
        0x1F, 0xFC, 0x00, 0x00, 0x00, 0x00, 0x07, 0xFF, 0x1F, 0xFC, 0x00, 0x00,
        0x00, 0x00, 0x07, 0xFF, 0x1F, 0xFC, 0x00, 0x00, 0x00, 0x00, 0x07, 0xFF,
        0x90, 0xFC, 0x00, 0x00, 0x00, 0x03, 0x87, 0xFF, 0x8F, 0x7C, 0x00, 0x00,
        0x00, 0x07, 0xFF, 0xFF, 0xFF, 0x3C, 0x00, 0x00, 0x00, 0x07, 0xFF, 0xFF,
        0xFF, 0xBC, 0x00, 0x00, 0x00, 0x07, 0xFF, 0xFF, 0xFF, 0x7C, 0x00, 0x00,
        0x00, 0x03, 0xFF, 0xFF, 0xFE, 0x7C, 0x00, 0x00, 0x00, 0x01, 0xFF, 0xFF,
        0xFE, 0xFC, 0x00, 0x00, 0x00, 0x01, 0xFF, 0xFF, 0xFC, 0xFC, 0x00, 0x00,
        0x00, 0x00, 0xFF, 0xFF, 0xFD, 0xFC, 0x00, 0x00, 0x00, 0x00, 0xFF, 0xFF,
        0xFB, 0xFC, 0x00, 0x00, 0x00, 0x00, 0x7F, 0xFF, 0xF3, 0xFC, 0x00, 0x00,
        0x00, 0x00, 0x3F, 0xFF, 0xF7, 0xFC, 0x00, 0x00, 0x00, 0x00, 0x3F, 0xFF,
        0xEF, 0xFC, 0x00, 0x00, 0x00, 0x00, 0x1F, 0xFF, 0xCF, 0xFC, 0x00, 0x00,
        0x00, 0x00, 0x0F, 0xFF, 0x9F, 0xFC, 0x00, 0x00, 0x00, 0x00, 0x0F, 0xFF,
        0x9F, 0xFC, 0x00, 0x00, 0x00, 0x00, 0x07, 0xFF, 0x1F, 0xFC, 0x00, 0x00,
        0x00, 0x00, 0x03, 0xFE, 0x1F, 0xFC, 0x00, 0x00, 0x00, 0x00, 0x01, 0xFE,
        0x1F, 0xFC, 0x00, 0x00, 0x00, 0x00, 0x01, 0xFC, 0x1F, 0xFC, 0x00, 0x00,
        0x00, 0x00, 0x00, 0xF8, 0x1F, 0xFC, 0x00, 0x00, 0x00, 0x00, 0x00, 0x78,
        0x1F, 0xFC, 0x00, 0x00, 0x00, 0x00, 0x00, 0x70, 0x1F, 0xFC, 0x00, 0x00,
        0x00, 0x00, 0x00, 0x20, 0x1F, 0xFC, 0x00, 0x00, 0x00, 0x00, 0x00, 0x00,
        0x00, 0x00, 0x00, 0x00, 0x00, 0x00, 0x00, 0x00, 0x00, 0x00, 0x00, 0x00,
        0x00, 0x00, 0x00, 0x00, 0x00, 0x00, 0x00, 0x00, 0x00, 0x00, 0x00, 0x00,
        0x00, 0x00, 0x00, 0x00, 0x00, 0x00, 0x00, 0x00, 0x00, 0x00, 0x00, 0x00,
        0x00, 0x00, 0x00, 0x00, 0x00, 0x00, 0x00, 0x00,
    ]
}

STRAIGHT = {
    'w': 64, 'h': 76,
    'data': [
        0x00, 0x00, 0x00, 0x00, 0x00, 0x00, 0x00, 0x00, 0x00, 0x00, 0x00, 0x00,
        0x00, 0x00, 0x00, 0x00, 0x00, 0x00, 0x00, 0x00, 0x00, 0x00, 0x00, 0x00,
        0x00, 0x00, 0x00, 0x00, 0x00, 0x00, 0x00, 0x00, 0x00, 0x00, 0x00, 0x00,
        0x00, 0x00, 0x00, 0x00, 0x00, 0x00, 0x00, 0x00, 0x00, 0x00, 0x00, 0x00,
        0x00, 0x00, 0x00, 0x00, 0x00, 0x00, 0x00, 0x00, 0x00, 0x00, 0x00, 0x00,
        0xC0, 0x00, 0x00, 0x00, 0x00, 0x00, 0x00, 0x01, 0xE0, 0x00, 0x00, 0x00,
        0x00, 0x00, 0x00, 0x03, 0xE0, 0x00, 0x00, 0x00, 0x00, 0x00, 0x00, 0x07,
        0xF0, 0x00, 0x00, 0x00, 0x00, 0x00, 0x00, 0x07, 0xF8, 0x00, 0x00, 0x00,
        0x00, 0x00, 0x00, 0x0F, 0xF8, 0x00, 0x00, 0x00, 0x00, 0x00, 0x00, 0x1F,
        0xFC, 0x00, 0x00, 0x00, 0x00, 0x00, 0x00, 0x1F, 0xFE, 0x00, 0x00, 0x00,
        0x00, 0x00, 0x00, 0x3F, 0xFF, 0x00, 0x00, 0x00, 0x00, 0x00, 0x00, 0x7F,
        0xFF, 0x00, 0x00, 0x00, 0x00, 0x00, 0x00, 0x7F, 0xFF, 0x80, 0x00, 0x00,
        0x00, 0x00, 0x00, 0xFF, 0xFF, 0xC0, 0x00, 0x00, 0x00, 0x00, 0x01, 0xFF,
        0xFF, 0xC0, 0x00, 0x00, 0x00, 0x00, 0x01, 0xFF, 0xFF, 0xE0, 0x00, 0x00,
        0x00, 0x00, 0x03, 0xFF, 0xFF, 0xE0, 0x00, 0x00, 0x00, 0x00, 0x07, 0xFF,
        0xFF, 0xF0, 0x00, 0x00, 0x00, 0x00, 0x07, 0xFF, 0xFF, 0xF8, 0x00, 0x00,
        0x00, 0x00, 0x0F, 0xFF, 0xFF, 0xF8, 0x00, 0x00, 0x00, 0x00, 0x0F, 0xFF,
        0xFF, 0xFC, 0x00, 0x00, 0x00, 0x00, 0x1F, 0xFF, 0xFF, 0xFC, 0x00, 0x00,
        0x00, 0x00, 0x1F, 0xFF, 0xFF, 0xFE, 0x00, 0x00, 0x00, 0x00, 0x0F, 0x1F,
        0xFE, 0x3C, 0x00, 0x00, 0x00, 0x00, 0x00, 0x1F, 0xFC, 0x00, 0x00, 0x00,
        0x00, 0x00, 0x00, 0x1F, 0xFC, 0x00, 0x00, 0x00, 0x00, 0x00, 0x00, 0x1F,
        0xFC, 0x00, 0x00, 0x00, 0x00, 0x00, 0x00, 0x1F, 0xFC, 0x00, 0x00, 0x00,
        0x00, 0x00, 0x00, 0x1F, 0xFC, 0x00, 0x00, 0x00, 0x00, 0x00, 0x00, 0x1F,
        0xFC, 0x00, 0x00, 0x00, 0x00, 0x00, 0x00, 0x1F, 0xFC, 0x00, 0x00, 0x00,
        0x00, 0x00, 0x00, 0x1F, 0xFC, 0x00, 0x00, 0x00, 0x00, 0x00, 0x00, 0x1F,
        0xFC, 0x00, 0x00, 0x00, 0x00, 0x00, 0x00, 0x1F, 0xFC, 0x00, 0x00, 0x00,
        0x00, 0x00, 0x00, 0x1F, 0xFC, 0x00, 0x00, 0x00, 0x00, 0x00, 0x00, 0x1F,
        0xFC, 0x00, 0x00, 0x00, 0x00, 0x00, 0x00, 0x1F, 0xFC, 0x00, 0x00, 0x00,
        0x00, 0x00, 0x00, 0x1F, 0xFC, 0x00, 0x00, 0x00, 0x00, 0x00, 0x00, 0x1F,
        0xFC, 0x00, 0x00, 0x00, 0x00, 0x00, 0x00, 0x1F, 0xFC, 0x00, 0x00, 0x00,
        0x00, 0x00, 0x00, 0x1F, 0xFC, 0x00, 0x00, 0x00, 0x00, 0x00, 0x00, 0x1F,
        0xFC, 0x00, 0x00, 0x00, 0x00, 0x00, 0x00, 0x1F, 0xFC, 0x00, 0x00, 0x00,
        0x00, 0x00, 0x00, 0x1F, 0xFC, 0x00, 0x00, 0x00, 0x00, 0x00, 0x00, 0x1F,
        0xFC, 0x00, 0x00, 0x00, 0x00, 0x00, 0x00, 0x1F, 0xFC, 0x00, 0x00, 0x00,
        0x00, 0x00, 0x00, 0x1F, 0xFC, 0x00, 0x00, 0x00, 0x00, 0x00, 0x00, 0x1F,
        0xFC, 0x00, 0x00, 0x00, 0x00, 0x00, 0x00, 0x1F, 0xFC, 0x00, 0x00, 0x00,
        0x00, 0x00, 0x00, 0x1F, 0xFC, 0x00, 0x00, 0x00, 0x00, 0x00, 0x00, 0x1F,
        0xFC, 0x00, 0x00, 0x00, 0x00, 0x00, 0x00, 0x1F, 0xFC, 0x00, 0x00, 0x00,
        0x00, 0x00, 0x00, 0x1F, 0xFC, 0x00, 0x00, 0x00, 0x00, 0x00, 0x00, 0x1F,
        0xFC, 0x00, 0x00, 0x00, 0x00, 0x00, 0x00, 0x1F, 0xFC, 0x00, 0x00, 0x00,
        0x00, 0x00, 0x00, 0x1F, 0xFC, 0x00, 0x00, 0x00, 0x00, 0x00, 0x00, 0x1F,
        0xFC, 0x00, 0x00, 0x00, 0x00, 0x00, 0x00, 0x1F, 0xFC, 0x00, 0x00, 0x00,
        0x00, 0x00, 0x00, 0x1F, 0xFC, 0x00, 0x00, 0x00, 0x00, 0x00, 0x00, 0x1F,
        0xFC, 0x00, 0x00, 0x00, 0x00, 0x00, 0x00, 0x1F, 0xFC, 0x00, 0x00, 0x00,
        0x00, 0x00, 0x00, 0x1F, 0xFC, 0x00, 0x00, 0x00, 0x00, 0x00, 0x00, 0x1F,
        0xFC, 0x00, 0x00, 0x00, 0x00, 0x00, 0x00, 0x1F, 0xFC, 0x00, 0x00, 0x00,
        0x00, 0x00, 0x00, 0x1F, 0xFC, 0x00, 0x00, 0x00, 0x00, 0x00, 0x00, 0x00,
        0x00, 0x00, 0x00, 0x00, 0x00, 0x00, 0x00, 0x00, 0x00, 0x00, 0x00, 0x00,
        0x00, 0x00, 0x00, 0x00, 0x00, 0x00, 0x00, 0x00, 0x00, 0x00, 0x00, 0x00,
        0x00, 0x00, 0x00, 0x00, 0x00, 0x00, 0x00, 0x00, 0x00, 0x00, 0x00, 0x00,
        0x00, 0x00, 0x00, 0x00, 0x00, 0x00, 0x00, 0x00,
    ]
}

TURN_LEFT = {
    'w': 64, 'h': 76,
    'data': [
        0x00, 0x00, 0x00, 0x00, 0x00, 0x00, 0x00, 0x00, 0x00, 0x00, 0x00, 0x00,
        0x00, 0x00, 0x00, 0x00, 0x00, 0x00, 0x00, 0x00, 0x00, 0x00, 0x00, 0x00,
        0x00, 0x00, 0x00, 0x00, 0x00, 0x00, 0x00, 0x00, 0x00, 0x00, 0x00, 0x00,
        0x00, 0x00, 0x00, 0x00, 0x00, 0x00, 0x00, 0x00, 0x00, 0x00, 0x00, 0x00,
        0x00, 0x00, 0x00, 0x00, 0x00, 0x00, 0x00, 0x00, 0x00, 0x00, 0x00, 0x00,
        0x00, 0x00, 0x00, 0x00, 0x00, 0x00, 0x00, 0x00, 0x00, 0x00, 0x00, 0x00,
        0x00, 0x00, 0x00, 0x18, 0x00, 0x00, 0x00, 0x00, 0x00, 0x00, 0x00, 0x7C,
        0x00, 0x00, 0x00, 0x00, 0x00, 0x00, 0x00, 0xFC, 0x00, 0x00, 0x00, 0x00,
        0x00, 0x00, 0x03, 0xFC, 0x00, 0x00, 0x00, 0x00, 0x00, 0x00, 0x07, 0xFC,
        0x00, 0x00, 0x00, 0x00, 0x00, 0x00, 0x1F, 0xF8, 0x00, 0x00, 0x00, 0x00,
        0x00, 0x00, 0x3F, 0xF8, 0x00, 0x00, 0x00, 0x00, 0x00, 0x00, 0xFF, 0xF8,
        0x00, 0x00, 0x00, 0x00, 0x00, 0x01, 0xFF, 0xFF, 0xFF, 0xFF, 0xF0, 0x00,
        0x00, 0x07, 0xFF, 0xFF, 0xFF, 0xFF, 0xFF, 0x80, 0x00, 0x0F, 0xFF, 0xFF,
        0xFF, 0xFF, 0xFF, 0xC0, 0x00, 0x3F, 0xFF, 0xFF, 0xFF, 0xFF, 0xFF, 0xC0,
        0x00, 0x7F, 0xFF, 0xFF, 0xFF, 0xFF, 0xFF, 0xE0, 0x00, 0xFF, 0xFF, 0xFF,
        0xFF, 0xFF, 0xFF, 0xE0, 0x00, 0xFF, 0xFF, 0xFF, 0xFF, 0xFF, 0xFF, 0xE0,
        0x00, 0x7F, 0xFF, 0xFF, 0xFF, 0xFF, 0xFF, 0xE0, 0x00, 0x3F, 0xFF, 0xFF,
        0xFF, 0xFF, 0xFF, 0xE0, 0x00, 0x0F, 0xFF, 0xFF, 0xFF, 0xFF, 0xFF, 0xE0,
        0x00, 0x07, 0xFF, 0xFF, 0xFF, 0xFF, 0xFF, 0xE0, 0x00, 0x01, 0xFF, 0xFF,
        0xFF, 0xFF, 0xFF, 0xE0, 0x00, 0x00, 0xFF, 0xF8, 0x00, 0x00, 0xFF, 0xE0,
        0x00, 0x00, 0x7F, 0xF8, 0x00, 0x00, 0xFF, 0xE0, 0x00, 0x00, 0x1F, 0xF8,
        0x00, 0x00, 0xFF, 0xE0, 0x00, 0x00, 0x0F, 0xFC, 0x00, 0x00, 0xFF, 0xE0,
        0x00, 0x00, 0x03, 0xFC, 0x00, 0x00, 0xFF, 0xE0, 0x00, 0x00, 0x01, 0xFC,
        0x00, 0x00, 0xFF, 0xE0, 0x00, 0x00, 0x00, 0x7C, 0x00, 0x00, 0xFF, 0xE0,
        0x00, 0x00, 0x00, 0x38, 0x00, 0x00, 0xFF, 0xE0, 0x00, 0x00, 0x00, 0x00,
        0x00, 0x00, 0xFF, 0xE0, 0x00, 0x00, 0x00, 0x00, 0x00, 0x00, 0xFF, 0xE0,
        0x00, 0x00, 0x00, 0x00, 0x00, 0x00, 0xFF, 0xE0, 0x00, 0x00, 0x00, 0x00,
        0x00, 0x00, 0xFF, 0xE0, 0x00, 0x00, 0x00, 0x00, 0x00, 0x00, 0xFF, 0xE0,
        0x00, 0x00, 0x00, 0x00, 0x00, 0x00, 0xFF, 0xE0, 0x00, 0x00, 0x00, 0x00,
        0x00, 0x00, 0xFF, 0xE0, 0x00, 0x00, 0x00, 0x00, 0x00, 0x00, 0xFF, 0xE0,
        0x00, 0x00, 0x00, 0x00, 0x00, 0x00, 0xFF, 0xE0, 0x00, 0x00, 0x00, 0x00,
        0x00, 0x00, 0xFF, 0xE0, 0x00, 0x00, 0x00, 0x00, 0x00, 0x00, 0xFF, 0xE0,
        0x00, 0x00, 0x00, 0x00, 0x00, 0x00, 0xFF, 0xE0, 0x00, 0x00, 0x00, 0x00,
        0x00, 0x00, 0xFF, 0xE0, 0x00, 0x00, 0x00, 0x00, 0x00, 0x00, 0xFF, 0xE0,
        0x00, 0x00, 0x00, 0x00, 0x00, 0x00, 0xFF, 0xE0, 0x00, 0x00, 0x00, 0x00,
        0x00, 0x00, 0xFF, 0xE0, 0x00, 0x00, 0x00, 0x00, 0x00, 0x00, 0xFF, 0xE0,
        0x00, 0x00, 0x00, 0x00, 0x00, 0x00, 0xFF, 0xE0, 0x00, 0x00, 0x00, 0x00,
        0x00, 0x00, 0xFF, 0xE0, 0x00, 0x00, 0x00, 0x00, 0x00, 0x00, 0xFF, 0xE0,
        0x00, 0x00, 0x00, 0x00, 0x00, 0x00, 0xFF, 0xE0, 0x00, 0x00, 0x00, 0x00,
        0x00, 0x00, 0xFF, 0xE0, 0x00, 0x00, 0x00, 0x00, 0x00, 0x00, 0xFF, 0xE0,
        0x00, 0x00, 0x00, 0x00, 0x00, 0x00, 0xFF, 0xE0, 0x00, 0x00, 0x00, 0x00,
        0x00, 0x00, 0xFF, 0xE0, 0x00, 0x00, 0x00, 0x00, 0x00, 0x00, 0xFF, 0xE0,
        0x00, 0x00, 0x00, 0x00, 0x00, 0x00, 0xFF, 0xE0, 0x00, 0x00, 0x00, 0x00,
        0x00, 0x00, 0xFF, 0xE0, 0x00, 0x00, 0x00, 0x00, 0x00, 0x00, 0xFF, 0xE0,
        0x00, 0x00, 0x00, 0x00, 0x00, 0x00, 0xFF, 0xE0, 0x00, 0x00, 0x00, 0x00,
        0x00, 0x00, 0x00, 0x00, 0x00, 0x00, 0x00, 0x00, 0x00, 0x00, 0x00, 0x00,
        0x00, 0x00, 0x00, 0x00, 0x00, 0x00, 0x00, 0x00, 0x00, 0x00, 0x00, 0x00,
        0x00, 0x00, 0x00, 0x00, 0x00, 0x00, 0x00, 0x00, 0x00, 0x00, 0x00, 0x00,
        0x00, 0x00, 0x00, 0x00, 0x00, 0x00, 0x00, 0x00, 0x00, 0x00, 0x00, 0x00,
        0x00, 0x00, 0x00, 0x00, 0x00, 0x00, 0x00, 0x00, 0x00, 0x00, 0x00, 0x00,
        0x00, 0x00, 0x00, 0x00, 0x00, 0x00, 0x00, 0x00,
    ]
}

TURN_RIGHT = {
    'w': 64, 'h': 76,
    'data': [
        0x00, 0x00, 0x00, 0x00, 0x00, 0x00, 0x00, 0x00, 0x00, 0x00, 0x00, 0x00,
        0x00, 0x00, 0x00, 0x00, 0x00, 0x00, 0x00, 0x00, 0x00, 0x00, 0x00, 0x00,
        0x00, 0x00, 0x00, 0x00, 0x00, 0x00, 0x00, 0x00, 0x00, 0x00, 0x00, 0x00,
        0x00, 0x00, 0x00, 0x00, 0x00, 0x00, 0x00, 0x00, 0x00, 0x00, 0x00, 0x00,
        0x00, 0x00, 0x00, 0x00, 0x00, 0x00, 0x00, 0x00, 0x00, 0x00, 0x00, 0x00,
        0x00, 0x00, 0x00, 0x00, 0x00, 0x00, 0x00, 0x00, 0x00, 0x00, 0x00, 0x00,
        0x00, 0x00, 0x00, 0x00, 0x18, 0x00, 0x00, 0x00, 0x00, 0x00, 0x00, 0x00,
        0x3E, 0x00, 0x00, 0x00, 0x00, 0x00, 0x00, 0x00, 0x3F, 0x00, 0x00, 0x00,
        0x00, 0x00, 0x00, 0x00, 0x3F, 0xC0, 0x00, 0x00, 0x00, 0x00, 0x00, 0x00,
        0x3F, 0xE0, 0x00, 0x00, 0x00, 0x00, 0x00, 0x00, 0x1F, 0xF8, 0x00, 0x00,
        0x00, 0x00, 0x00, 0x00, 0x1F, 0xFC, 0x00, 0x00, 0x00, 0x00, 0x00, 0x00,
        0x1F, 0xFF, 0x00, 0x00, 0x00, 0x0F, 0xFF, 0xFF, 0xFF, 0xFF, 0x80, 0x00,
        0x01, 0xFF, 0xFF, 0xFF, 0xFF, 0xFF, 0xE0, 0x00, 0x03, 0xFF, 0xFF, 0xFF,
        0xFF, 0xFF, 0xF0, 0x00, 0x03, 0xFF, 0xFF, 0xFF, 0xFF, 0xFF, 0xFC, 0x00,
        0x07, 0xFF, 0xFF, 0xFF, 0xFF, 0xFF, 0xFE, 0x00, 0x07, 0xFF, 0xFF, 0xFF,
        0xFF, 0xFF, 0xFF, 0x00, 0x07, 0xFF, 0xFF, 0xFF, 0xFF, 0xFF, 0xFF, 0x00,
        0x07, 0xFF, 0xFF, 0xFF, 0xFF, 0xFF, 0xFE, 0x00, 0x07, 0xFF, 0xFF, 0xFF,
        0xFF, 0xFF, 0xFC, 0x00, 0x07, 0xFF, 0xFF, 0xFF, 0xFF, 0xFF, 0xF0, 0x00,
        0x07, 0xFF, 0xFF, 0xFF, 0xFF, 0xFF, 0xE0, 0x00, 0x07, 0xFF, 0xFF, 0xFF,
        0xFF, 0xFF, 0x80, 0x00, 0x07, 0xFF, 0x00, 0x00, 0x1F, 0xFF, 0x00, 0x00,
        0x07, 0xFF, 0x00, 0x00, 0x1F, 0xFE, 0x00, 0x00, 0x07, 0xFF, 0x00, 0x00,
        0x1F, 0xF8, 0x00, 0x00, 0x07, 0xFF, 0x00, 0x00, 0x3F, 0xF0, 0x00, 0x00,
        0x07, 0xFF, 0x00, 0x00, 0x3F, 0xC0, 0x00, 0x00, 0x07, 0xFF, 0x00, 0x00,
        0x3F, 0x80, 0x00, 0x00, 0x07, 0xFF, 0x00, 0x00, 0x3E, 0x00, 0x00, 0x00,
        0x07, 0xFF, 0x00, 0x00, 0x1C, 0x00, 0x00, 0x00, 0x07, 0xFF, 0x00, 0x00,
        0x00, 0x00, 0x00, 0x00, 0x07, 0xFF, 0x00, 0x00, 0x00, 0x00, 0x00, 0x00,
        0x07, 0xFF, 0x00, 0x00, 0x00, 0x00, 0x00, 0x00, 0x07, 0xFF, 0x00, 0x00,
        0x00, 0x00, 0x00, 0x00, 0x07, 0xFF, 0x00, 0x00, 0x00, 0x00, 0x00, 0x00,
        0x07, 0xFF, 0x00, 0x00, 0x00, 0x00, 0x00, 0x00, 0x07, 0xFF, 0x00, 0x00,
        0x00, 0x00, 0x00, 0x00, 0x07, 0xFF, 0x00, 0x00, 0x00, 0x00, 0x00, 0x00,
        0x07, 0xFF, 0x00, 0x00, 0x00, 0x00, 0x00, 0x00, 0x07, 0xFF, 0x00, 0x00,
        0x00, 0x00, 0x00, 0x00, 0x07, 0xFF, 0x00, 0x00, 0x00, 0x00, 0x00, 0x00,
        0x07, 0xFF, 0x00, 0x00, 0x00, 0x00, 0x00, 0x00, 0x07, 0xFF, 0x00, 0x00,
        0x00, 0x00, 0x00, 0x00, 0x07, 0xFF, 0x00, 0x00, 0x00, 0x00, 0x00, 0x00,
        0x07, 0xFF, 0x00, 0x00, 0x00, 0x00, 0x00, 0x00, 0x07, 0xFF, 0x00, 0x00,
        0x00, 0x00, 0x00, 0x00, 0x07, 0xFF, 0x00, 0x00, 0x00, 0x00, 0x00, 0x00,
        0x07, 0xFF, 0x00, 0x00, 0x00, 0x00, 0x00, 0x00, 0x07, 0xFF, 0x00, 0x00,
        0x00, 0x00, 0x00, 0x00, 0x07, 0xFF, 0x00, 0x00, 0x00, 0x00, 0x00, 0x00,
        0x07, 0xFF, 0x00, 0x00, 0x00, 0x00, 0x00, 0x00, 0x07, 0xFF, 0x00, 0x00,
        0x00, 0x00, 0x00, 0x00, 0x07, 0xFF, 0x00, 0x00, 0x00, 0x00, 0x00, 0x00,
        0x07, 0xFF, 0x00, 0x00, 0x00, 0x00, 0x00, 0x00, 0x07, 0xFF, 0x00, 0x00,
        0x00, 0x00, 0x00, 0x00, 0x07, 0xFF, 0x00, 0x00, 0x00, 0x00, 0x00, 0x00,
        0x07, 0xFF, 0x00, 0x00, 0x00, 0x00, 0x00, 0x00, 0x07, 0xFF, 0x00, 0x00,
        0x00, 0x00, 0x00, 0x00, 0x07, 0xFF, 0x00, 0x00, 0x00, 0x00, 0x00, 0x00,
        0x07, 0xFF, 0x00, 0x00, 0x00, 0x00, 0x00, 0x00, 0x00, 0x00, 0x00, 0x00,
        0x00, 0x00, 0x00, 0x00, 0x00, 0x00, 0x00, 0x00, 0x00, 0x00, 0x00, 0x00,
        0x00, 0x00, 0x00, 0x00, 0x00, 0x00, 0x00, 0x00, 0x00, 0x00, 0x00, 0x00,
        0x00, 0x00, 0x00, 0x00, 0x00, 0x00, 0x00, 0x00, 0x00, 0x00, 0x00, 0x00,
        0x00, 0x00, 0x00, 0x00, 0x00, 0x00, 0x00, 0x00, 0x00, 0x00, 0x00, 0x00,
        0x00, 0x00, 0x00, 0x00, 0x00, 0x00, 0x00, 0x00, 0x00, 0x00, 0x00, 0x00,
        0x00, 0x00, 0x00, 0x00, 0x00, 0x00, 0x00, 0x00,
    ]
}

TURN_SHARP_LEFT = {
    'w': 64, 'h': 76,
    'data': [
        0x00, 0x00, 0x00, 0x00, 0x00, 0x00, 0x00, 0x00, 0x00, 0x00, 0x00, 0x00,
        0x00, 0x00, 0x00, 0x00, 0x00, 0x00, 0x00, 0x00, 0x00, 0x00, 0x00, 0x00,
        0x00, 0x00, 0x00, 0x00, 0x00, 0x00, 0x00, 0x00, 0x00, 0x00, 0x00, 0x00,
        0x00, 0x00, 0x00, 0x00, 0x00, 0x00, 0x00, 0x00, 0x00, 0x00, 0x00, 0x00,
        0x00, 0x00, 0x00, 0x00, 0x00, 0x00, 0x00, 0x00, 0x00, 0x00, 0x00, 0x00,
        0x00, 0x00, 0x00, 0x00, 0x00, 0x00, 0x00, 0x00, 0x00, 0x00, 0x00, 0x00,
        0x00, 0x00, 0x00, 0x00, 0x00, 0x00, 0x00, 0x00, 0x00, 0x00, 0x00, 0x00,
        0x00, 0x00, 0xC0, 0x00, 0x00, 0x00, 0x00, 0x00, 0x00, 0x03, 0xF0, 0x00,
        0x00, 0x00, 0x00, 0x00, 0x00, 0x0F, 0xF8, 0x00, 0x00, 0x00, 0x00, 0x00,
        0x00, 0x1F, 0xFC, 0x00, 0x00, 0x00, 0x00, 0x00, 0x00, 0x7F, 0xFC, 0x00,
        0x00, 0x00, 0x00, 0x00, 0x00, 0xFF, 0xFC, 0x00, 0x00, 0x00, 0x00, 0x00,
        0x03, 0xFF, 0xFC, 0x00, 0x00, 0x00, 0x00, 0x00, 0x07, 0xFF, 0xFC, 0x00,
        0x00, 0x00, 0x00, 0x00, 0x1F, 0xFF, 0xFC, 0x00, 0x00, 0x00, 0x00, 0x00,
        0x3F, 0xFF, 0xFC, 0x00, 0x00, 0x00, 0x00, 0x00, 0xFF, 0xFF, 0xFC, 0x00,
        0x00, 0x00, 0x70, 0x01, 0xFF, 0xFF, 0xFC, 0x00, 0x00, 0x00, 0xF0, 0x03,
        0xFF, 0xFF, 0xFC, 0x00, 0x00, 0x00, 0xF8, 0x0F, 0xFF, 0xFF, 0xFC, 0x00,
        0x00, 0x01, 0xF8, 0x1F, 0xFF, 0xFF, 0xFC, 0x00, 0x00, 0x01, 0xF8, 0x7F,
        0xFF, 0xFF, 0xFC, 0x00, 0x00, 0x03, 0xFC, 0xFF, 0xFF, 0xFF, 0xFC, 0x00,
        0x00, 0x03, 0xFF, 0xFF, 0xFF, 0xDF, 0xFC, 0x00, 0x00, 0x03, 0xFF, 0xFF,
        0xFF, 0x9F, 0xFC, 0x00, 0x00, 0x07, 0xFF, 0xFF, 0xFE, 0x1F, 0xFC, 0x00,
        0x00, 0x07, 0xFF, 0xFF, 0xFC, 0x1F, 0xFC, 0x00, 0x00, 0x07, 0xFF, 0xFF,
        0xF0, 0x1F, 0xFC, 0x00, 0x00, 0x0F, 0xFF, 0xFF, 0xE0, 0x1F, 0xFC, 0x00,
        0x00, 0x0F, 0xFF, 0xFF, 0x80, 0x1F, 0xFC, 0x00, 0x00, 0x1F, 0xFF, 0xFF,
        0x00, 0x1F, 0xFC, 0x00, 0x00, 0x1F, 0xFF, 0xFE, 0x00, 0x1F, 0xFC, 0x00,
        0x00, 0x1F, 0xFF, 0xF8, 0x00, 0x1F, 0xFC, 0x00, 0x00, 0x3F, 0xFF, 0xF8,
        0x00, 0x1F, 0xFC, 0x00, 0x00, 0x3F, 0xFF, 0xFE, 0x00, 0x1F, 0xFC, 0x00,
        0x00, 0x3F, 0xFF, 0xFF, 0x00, 0x1F, 0xFC, 0x00, 0x00, 0x7F, 0xFF, 0xFF,
        0x80, 0x1F, 0xFC, 0x00, 0x00, 0x7F, 0xFF, 0xFF, 0xC0, 0x1F, 0xFC, 0x00,
        0x00, 0xFF, 0xFF, 0xFF, 0xC0, 0x1F, 0xFC, 0x00, 0x00, 0xFF, 0xFF, 0xFF,
        0x80, 0x1F, 0xFC, 0x00, 0x00, 0x7F, 0xFF, 0xFF, 0x00, 0x1F, 0xFC, 0x00,
        0x00, 0x00, 0x00, 0x00, 0x00, 0x1F, 0xFC, 0x00, 0x00, 0x00, 0x00, 0x00,
        0x00, 0x1F, 0xFC, 0x00, 0x00, 0x00, 0x00, 0x00, 0x00, 0x1F, 0xFC, 0x00,
        0x00, 0x00, 0x00, 0x00, 0x00, 0x1F, 0xFC, 0x00, 0x00, 0x00, 0x00, 0x00,
        0x00, 0x1F, 0xFC, 0x00, 0x00, 0x00, 0x00, 0x00, 0x00, 0x1F, 0xFC, 0x00,
        0x00, 0x00, 0x00, 0x00, 0x00, 0x1F, 0xFC, 0x00, 0x00, 0x00, 0x00, 0x00,
        0x00, 0x1F, 0xFC, 0x00, 0x00, 0x00, 0x00, 0x00, 0x00, 0x1F, 0xFC, 0x00,
        0x00, 0x00, 0x00, 0x00, 0x00, 0x1F, 0xFC, 0x00, 0x00, 0x00, 0x00, 0x00,
        0x00, 0x1F, 0xFC, 0x00, 0x00, 0x00, 0x00, 0x00, 0x00, 0x1F, 0xFC, 0x00,
        0x00, 0x00, 0x00, 0x00, 0x00, 0x1F, 0xFC, 0x00, 0x00, 0x00, 0x00, 0x00,
        0x00, 0x1F, 0xFC, 0x00, 0x00, 0x00, 0x00, 0x00, 0x00, 0x1F, 0xFC, 0x00,
        0x00, 0x00, 0x00, 0x00, 0x00, 0x1F, 0xFC, 0x00, 0x00, 0x00, 0x00, 0x00,
        0x00, 0x1F, 0xFC, 0x00, 0x00, 0x00, 0x00, 0x00, 0x00, 0x1F, 0xFC, 0x00,
        0x00, 0x00, 0x00, 0x00, 0x00, 0x1F, 0xFC, 0x00, 0x00, 0x00, 0x00, 0x00,
        0x00, 0x1F, 0xFC, 0x00, 0x00, 0x00, 0x00, 0x00, 0x00, 0x00, 0x00, 0x00,
        0x00, 0x00, 0x00, 0x00, 0x00, 0x00, 0x00, 0x00, 0x00, 0x00, 0x00, 0x00,
        0x00, 0x00, 0x00, 0x00, 0x00, 0x00, 0x00, 0x00, 0x00, 0x00, 0x00, 0x00,
        0x00, 0x00, 0x00, 0x00, 0x00, 0x00, 0x00, 0x00, 0x00, 0x00, 0x00, 0x00,
        0x00, 0x00, 0x00, 0x00, 0x00, 0x00, 0x00, 0x00, 0x00, 0x00, 0x00, 0x00,
        0x00, 0x00, 0x00, 0x00, 0x00, 0x00, 0x00, 0x00, 0x00, 0x00, 0x00, 0x00,
        0x00, 0x00, 0x00, 0x00, 0x00, 0x00, 0x00, 0x00, 0x00, 0x00, 0x00, 0x00,
        0x00, 0x00, 0x00, 0x00, 0x00, 0x00, 0x00, 0x00,
    ]
}

TURN_SHARP_RIGHT = {
    'w': 64, 'h': 76,
    'data': [
        0x00, 0x00, 0x00, 0x00, 0x00, 0x00, 0x00, 0x00, 0x00, 0x00, 0x00, 0x00,
        0x00, 0x00, 0x00, 0x00, 0x00, 0x00, 0x00, 0x00, 0x00, 0x00, 0x00, 0x00,
        0x00, 0x00, 0x00, 0x00, 0x00, 0x00, 0x00, 0x00, 0x00, 0x00, 0x00, 0x00,
        0x00, 0x00, 0x00, 0x00, 0x00, 0x00, 0x00, 0x00, 0x00, 0x00, 0x00, 0x00,
        0x00, 0x00, 0x00, 0x00, 0x00, 0x00, 0x00, 0x00, 0x00, 0x00, 0x00, 0x00,
        0x00, 0x00, 0x00, 0x00, 0x00, 0x00, 0x00, 0x00, 0x00, 0x00, 0x00, 0x00,
        0x00, 0x00, 0x00, 0x00, 0x00, 0x00, 0x00, 0x00, 0x00, 0x03, 0x00, 0x00,
        0x00, 0x00, 0x00, 0x00, 0x00, 0x0F, 0xC0, 0x00, 0x00, 0x00, 0x00, 0x00,
        0x00, 0x1F, 0xF0, 0x00, 0x00, 0x00, 0x00, 0x00, 0x00, 0x3F, 0xF8, 0x00,
        0x00, 0x00, 0x00, 0x00, 0x00, 0x3F, 0xFE, 0x00, 0x00, 0x00, 0x00, 0x00,
        0x00, 0x3F, 0xFF, 0x00, 0x00, 0x00, 0x00, 0x00, 0x00, 0x3F, 0xFF, 0xC0,
        0x00, 0x00, 0x00, 0x00, 0x00, 0x3F, 0xFF, 0xE0, 0x00, 0x00, 0x00, 0x00,
        0x00, 0x3F, 0xFF, 0xF8, 0x00, 0x00, 0x00, 0x00, 0x00, 0x3F, 0xFF, 0xFC,
        0x00, 0x00, 0x00, 0x00, 0x00, 0x3F, 0xFF, 0xFF, 0x00, 0x00, 0x00, 0x00,
        0x00, 0x3F, 0xFF, 0xFF, 0x80, 0x0E, 0x00, 0x00, 0x00, 0x3F, 0xFF, 0xFF,
        0xC0, 0x0F, 0x00, 0x00, 0x00, 0x3F, 0xFF, 0xFF, 0xF0, 0x1F, 0x00, 0x00,
        0x00, 0x3F, 0xFF, 0xFF, 0xF8, 0x1F, 0x80, 0x00, 0x00, 0x3F, 0xFF, 0xFF,
        0xFE, 0x1F, 0x80, 0x00, 0x00, 0x3F, 0xFF, 0xFF, 0xFF, 0x3F, 0xC0, 0x00,
        0x00, 0x3F, 0xFB, 0xFF, 0xFF, 0xFF, 0xC0, 0x00, 0x00, 0x3F, 0xF9, 0xFF,
        0xFF, 0xFF, 0xC0, 0x00, 0x00, 0x3F, 0xF8, 0x7F, 0xFF, 0xFF, 0xE0, 0x00,
        0x00, 0x3F, 0xF8, 0x3F, 0xFF, 0xFF, 0xE0, 0x00, 0x00, 0x3F, 0xF8, 0x0F,
        0xFF, 0xFF, 0xE0, 0x00, 0x00, 0x3F, 0xF8, 0x07, 0xFF, 0xFF, 0xF0, 0x00,
        0x00, 0x3F, 0xF8, 0x01, 0xFF, 0xFF, 0xF0, 0x00, 0x00, 0x3F, 0xF8, 0x00,
        0xFF, 0xFF, 0xF8, 0x00, 0x00, 0x3F, 0xF8, 0x00, 0x7F, 0xFF, 0xF8, 0x00,
        0x00, 0x3F, 0xF8, 0x00, 0x1F, 0xFF, 0xF8, 0x00, 0x00, 0x3F, 0xF8, 0x00,
        0x1F, 0xFF, 0xFC, 0x00, 0x00, 0x3F, 0xF8, 0x00, 0x7F, 0xFF, 0xFC, 0x00,
        0x00, 0x3F, 0xF8, 0x00, 0xFF, 0xFF, 0xFC, 0x00, 0x00, 0x3F, 0xF8, 0x01,
        0xFF, 0xFF, 0xFE, 0x00, 0x00, 0x3F, 0xF8, 0x03, 0xFF, 0xFF, 0xFE, 0x00,
        0x00, 0x3F, 0xF8, 0x03, 0xFF, 0xFF, 0xFF, 0x00, 0x00, 0x3F, 0xF8, 0x01,
        0xFF, 0xFF, 0xFF, 0x00, 0x00, 0x3F, 0xF8, 0x00, 0xFF, 0xFF, 0xFE, 0x00,
        0x00, 0x3F, 0xF8, 0x00, 0x00, 0x00, 0x00, 0x00, 0x00, 0x3F, 0xF8, 0x00,
        0x00, 0x00, 0x00, 0x00, 0x00, 0x3F, 0xF8, 0x00, 0x00, 0x00, 0x00, 0x00,
        0x00, 0x3F, 0xF8, 0x00, 0x00, 0x00, 0x00, 0x00, 0x00, 0x3F, 0xF8, 0x00,
        0x00, 0x00, 0x00, 0x00, 0x00, 0x3F, 0xF8, 0x00, 0x00, 0x00, 0x00, 0x00,
        0x00, 0x3F, 0xF8, 0x00, 0x00, 0x00, 0x00, 0x00, 0x00, 0x3F, 0xF8, 0x00,
        0x00, 0x00, 0x00, 0x00, 0x00, 0x3F, 0xF8, 0x00, 0x00, 0x00, 0x00, 0x00,
        0x00, 0x3F, 0xF8, 0x00, 0x00, 0x00, 0x00, 0x00, 0x00, 0x3F, 0xF8, 0x00,
        0x00, 0x00, 0x00, 0x00, 0x00, 0x3F, 0xF8, 0x00, 0x00, 0x00, 0x00, 0x00,
        0x00, 0x3F, 0xF8, 0x00, 0x00, 0x00, 0x00, 0x00, 0x00, 0x3F, 0xF8, 0x00,
        0x00, 0x00, 0x00, 0x00, 0x00, 0x3F, 0xF8, 0x00, 0x00, 0x00, 0x00, 0x00,
        0x00, 0x3F, 0xF8, 0x00, 0x00, 0x00, 0x00, 0x00, 0x00, 0x3F, 0xF8, 0x00,
        0x00, 0x00, 0x00, 0x00, 0x00, 0x3F, 0xF8, 0x00, 0x00, 0x00, 0x00, 0x00,
        0x00, 0x3F, 0xF8, 0x00, 0x00, 0x00, 0x00, 0x00, 0x00, 0x3F, 0xF8, 0x00,
        0x00, 0x00, 0x00, 0x00, 0x00, 0x00, 0x00, 0x00, 0x00, 0x00, 0x00, 0x00,
        0x00, 0x00, 0x00, 0x00, 0x00, 0x00, 0x00, 0x00, 0x00, 0x00, 0x00, 0x00,
        0x00, 0x00, 0x00, 0x00, 0x00, 0x00, 0x00, 0x00, 0x00, 0x00, 0x00, 0x00,
        0x00, 0x00, 0x00, 0x00, 0x00, 0x00, 0x00, 0x00, 0x00, 0x00, 0x00, 0x00,
        0x00, 0x00, 0x00, 0x00, 0x00, 0x00, 0x00, 0x00, 0x00, 0x00, 0x00, 0x00,
        0x00, 0x00, 0x00, 0x00, 0x00, 0x00, 0x00, 0x00, 0x00, 0x00, 0x00, 0x00,
        0x00, 0x00, 0x00, 0x00, 0x00, 0x00, 0x00, 0x00, 0x00, 0x00, 0x00, 0x00,
        0x00, 0x00, 0x00, 0x00, 0x00, 0x00, 0x00, 0x00,
    ]
}

TURN_SLIGHT_LEFT = {
    'w': 64, 'h': 76,
    'data': [
        0x00, 0x00, 0x00, 0x00, 0x00, 0x00, 0x00, 0x00, 0x00, 0x00, 0x00, 0x00,
        0x00, 0x00, 0x00, 0x00, 0x00, 0x00, 0x00, 0x00, 0x00, 0x00, 0x00, 0x00,
        0x00, 0x00, 0x00, 0x00, 0x00, 0x00, 0x00, 0x00, 0x00, 0x00, 0x00, 0x00,
        0x00, 0x00, 0x00, 0x00, 0x00, 0x00, 0x00, 0x00, 0x00, 0x00, 0x00, 0x00,
        0x00, 0x00, 0x00, 0x00, 0x00, 0x00, 0x00, 0x00, 0x00, 0x00, 0x00, 0x00,
        0x00, 0x00, 0x00, 0x00, 0x00, 0x07, 0xFF, 0xFF, 0xF8, 0x00, 0x00, 0x00,
        0x00, 0x07, 0xFF, 0xFF, 0xFC, 0x00, 0x00, 0x00, 0x00, 0x07, 0xFF, 0xFF,
        0xFE, 0x00, 0x00, 0x00, 0x00, 0x03, 0xFF, 0xFF, 0xFC, 0x00, 0x00, 0x00,
        0x00, 0x03, 0xFF, 0xFF, 0xF8, 0x00, 0x00, 0x00, 0x00, 0x03, 0xFF, 0xFF,
        0xF0, 0x00, 0x00, 0x00, 0x00, 0x01, 0xFF, 0xFF, 0xE0, 0x00, 0x00, 0x00,
        0x00, 0x01, 0xFF, 0xFF, 0xC0, 0x00, 0x00, 0x00, 0x00, 0x00, 0xFF, 0xFF,
        0xE0, 0x00, 0x00, 0x00, 0x00, 0x00, 0xFF, 0xFF, 0xF0, 0x00, 0x00, 0x00,
        0x00, 0x00, 0xFF, 0xFF, 0xF8, 0x00, 0x00, 0x00, 0x00, 0x00, 0x7F, 0xFF,
        0xFE, 0x00, 0x00, 0x00, 0x00, 0x00, 0x7F, 0xFF, 0xFF, 0x00, 0x00, 0x00,
        0x00, 0x00, 0x7F, 0xFF, 0xFF, 0xC0, 0x00, 0x00, 0x00, 0x00, 0x3F, 0xFF,
        0xFF, 0xE0, 0x00, 0x00, 0x00, 0x00, 0x3F, 0xFF, 0xFF, 0xF8, 0x00, 0x00,
        0x00, 0x00, 0x1F, 0xFF, 0xFF, 0xFC, 0x00, 0x00, 0x00, 0x00, 0x1F, 0xEF,
        0xFF, 0xFE, 0x00, 0x00, 0x00, 0x00, 0x1F, 0xE7, 0xFF, 0xFF, 0x80, 0x00,
        0x00, 0x00, 0x0F, 0xC1, 0xFF, 0xFF, 0xC0, 0x00, 0x00, 0x00, 0x0F, 0xC0,
        0xFF, 0xFF, 0xE0, 0x00, 0x00, 0x00, 0x07, 0x80, 0x3F, 0xFF, 0xF8, 0x00,
        0x00, 0x00, 0x07, 0x80, 0x1F, 0xFF, 0xF8, 0x00, 0x00, 0x00, 0x03, 0x00,
        0x0F, 0xFF, 0xFC, 0x00, 0x00, 0x00, 0x00, 0x00, 0x03, 0xFF, 0xFC, 0x00,
        0x00, 0x00, 0x00, 0x00, 0x01, 0xFF, 0xFC, 0x00, 0x00, 0x00, 0x00, 0x00,
        0x00, 0x7F, 0xFC, 0x00, 0x00, 0x00, 0x00, 0x00, 0x00, 0x3F, 0xFC, 0x00,
        0x00, 0x00, 0x00, 0x00, 0x00, 0x1F, 0xFC, 0x00, 0x00, 0x00, 0x00, 0x00,
        0x00, 0x1F, 0xFC, 0x00, 0x00, 0x00, 0x00, 0x00, 0x00, 0x1F, 0xFC, 0x00,
        0x00, 0x00, 0x00, 0x00, 0x00, 0x1F, 0xFC, 0x00, 0x00, 0x00, 0x00, 0x00,
        0x00, 0x1F, 0xFC, 0x00, 0x00, 0x00, 0x00, 0x00, 0x00, 0x1F, 0xFC, 0x00,
        0x00, 0x00, 0x00, 0x00, 0x00, 0x1F, 0xFC, 0x00, 0x00, 0x00, 0x00, 0x00,
        0x00, 0x1F, 0xFC, 0x00, 0x00, 0x00, 0x00, 0x00, 0x00, 0x1F, 0xFC, 0x00,
        0x00, 0x00, 0x00, 0x00, 0x00, 0x1F, 0xFC, 0x00, 0x00, 0x00, 0x00, 0x00,
        0x00, 0x1F, 0xFC, 0x00, 0x00, 0x00, 0x00, 0x00, 0x00, 0x1F, 0xFC, 0x00,
        0x00, 0x00, 0x00, 0x00, 0x00, 0x1F, 0xFC, 0x00, 0x00, 0x00, 0x00, 0x00,
        0x00, 0x1F, 0xFC, 0x00, 0x00, 0x00, 0x00, 0x00, 0x00, 0x1F, 0xFC, 0x00,
        0x00, 0x00, 0x00, 0x00, 0x00, 0x1F, 0xFC, 0x00, 0x00, 0x00, 0x00, 0x00,
        0x00, 0x1F, 0xFC, 0x00, 0x00, 0x00, 0x00, 0x00, 0x00, 0x1F, 0xFC, 0x00,
        0x00, 0x00, 0x00, 0x00, 0x00, 0x1F, 0xFC, 0x00, 0x00, 0x00, 0x00, 0x00,
        0x00, 0x1F, 0xFC, 0x00, 0x00, 0x00, 0x00, 0x00, 0x00, 0x1F, 0xFC, 0x00,
        0x00, 0x00, 0x00, 0x00, 0x00, 0x1F, 0xFC, 0x00, 0x00, 0x00, 0x00, 0x00,
        0x00, 0x1F, 0xFC, 0x00, 0x00, 0x00, 0x00, 0x00, 0x00, 0x1F, 0xFC, 0x00,
        0x00, 0x00, 0x00, 0x00, 0x00, 0x1F, 0xFC, 0x00, 0x00, 0x00, 0x00, 0x00,
        0x00, 0x1F, 0xFC, 0x00, 0x00, 0x00, 0x00, 0x00, 0x00, 0x1F, 0xFC, 0x00,
        0x00, 0x00, 0x00, 0x00, 0x00, 0x1F, 0xFC, 0x00, 0x00, 0x00, 0x00, 0x00,
        0x00, 0x1F, 0xFC, 0x00, 0x00, 0x00, 0x00, 0x00, 0x00, 0x1F, 0xFC, 0x00,
        0x00, 0x00, 0x00, 0x00, 0x00, 0x1F, 0xFC, 0x00, 0x00, 0x00, 0x00, 0x00,
        0x00, 0x00, 0x00, 0x00, 0x00, 0x00, 0x00, 0x00, 0x00, 0x00, 0x00, 0x00,
        0x00, 0x00, 0x00, 0x00, 0x00, 0x00, 0x00, 0x00, 0x00, 0x00, 0x00, 0x00,
        0x00, 0x00, 0x00, 0x00, 0x00, 0x00, 0x00, 0x00, 0x00, 0x00, 0x00, 0x00,
        0x00, 0x00, 0x00, 0x00, 0x00, 0x00, 0x00, 0x00, 0x00, 0x00, 0x00, 0x00,
        0x00, 0x00, 0x00, 0x00, 0x00, 0x00, 0x00, 0x00, 0x00, 0x00, 0x00, 0x00,
        0x00, 0x00, 0x00, 0x00, 0x00, 0x00, 0x00, 0x00,
    ]
}

TURN_SLIGHT_RIGHT = {
    'w': 64, 'h': 76,
    'data': [
        0x00, 0x00, 0x00, 0x00, 0x00, 0x00, 0x00, 0x00, 0x00, 0x00, 0x00, 0x00,
        0x00, 0x00, 0x00, 0x00, 0x00, 0x00, 0x00, 0x00, 0x00, 0x00, 0x00, 0x00,
        0x00, 0x00, 0x00, 0x00, 0x00, 0x00, 0x00, 0x00, 0x00, 0x00, 0x00, 0x00,
        0x00, 0x00, 0x00, 0x00, 0x00, 0x00, 0x00, 0x00, 0x00, 0x00, 0x00, 0x00,
        0x00, 0x00, 0x00, 0x00, 0x00, 0x00, 0x00, 0x00, 0x00, 0x00, 0x00, 0x00,
        0x00, 0x00, 0x00, 0x00, 0x00, 0x00, 0x00, 0x1F, 0xFF, 0xFF, 0xE0, 0x00,
        0x00, 0x00, 0x00, 0x3F, 0xFF, 0xFF, 0xE0, 0x00, 0x00, 0x00, 0x00, 0x7F,
        0xFF, 0xFF, 0xE0, 0x00, 0x00, 0x00, 0x00, 0x3F, 0xFF, 0xFF, 0xC0, 0x00,
        0x00, 0x00, 0x00, 0x1F, 0xFF, 0xFF, 0xC0, 0x00, 0x00, 0x00, 0x00, 0x0F,
        0xFF, 0xFF, 0xC0, 0x00, 0x00, 0x00, 0x00, 0x07, 0xFF, 0xFF, 0x80, 0x00,
        0x00, 0x00, 0x00, 0x03, 0xFF, 0xFF, 0x80, 0x00, 0x00, 0x00, 0x00, 0x07,
        0xFF, 0xFF, 0x00, 0x00, 0x00, 0x00, 0x00, 0x0F, 0xFF, 0xFF, 0x00, 0x00,
        0x00, 0x00, 0x00, 0x1F, 0xFF, 0xFF, 0x00, 0x00, 0x00, 0x00, 0x00, 0x7F,
        0xFF, 0xFE, 0x00, 0x00, 0x00, 0x00, 0x00, 0xFF, 0xFF, 0xFE, 0x00, 0x00,
        0x00, 0x00, 0x03, 0xFF, 0xFF, 0xFE, 0x00, 0x00, 0x00, 0x00, 0x07, 0xFF,
        0xFF, 0xFC, 0x00, 0x00, 0x00, 0x00, 0x1F, 0xFF, 0xFF, 0xFC, 0x00, 0x00,
        0x00, 0x00, 0x3F, 0xFF, 0xFF, 0xF8, 0x00, 0x00, 0x00, 0x00, 0x7F, 0xFF,
        0xF7, 0xF8, 0x00, 0x00, 0x00, 0x01, 0xFF, 0xFF, 0xE7, 0xF8, 0x00, 0x00,
        0x00, 0x03, 0xFF, 0xFF, 0x83, 0xF0, 0x00, 0x00, 0x00, 0x07, 0xFF, 0xFF,
        0x03, 0xF0, 0x00, 0x00, 0x00, 0x1F, 0xFF, 0xFC, 0x01, 0xE0, 0x00, 0x00,
        0x00, 0x1F, 0xFF, 0xF8, 0x01, 0xE0, 0x00, 0x00, 0x00, 0x3F, 0xFF, 0xF0,
        0x00, 0xC0, 0x00, 0x00, 0x00, 0x3F, 0xFF, 0xC0, 0x00, 0x00, 0x00, 0x00,
        0x00, 0x3F, 0xFF, 0x80, 0x00, 0x00, 0x00, 0x00, 0x00, 0x3F, 0xFE, 0x00,
        0x00, 0x00, 0x00, 0x00, 0x00, 0x3F, 0xFC, 0x00, 0x00, 0x00, 0x00, 0x00,
        0x00, 0x3F, 0xF8, 0x00, 0x00, 0x00, 0x00, 0x00, 0x00, 0x3F, 0xF8, 0x00,
        0x00, 0x00, 0x00, 0x00, 0x00, 0x3F, 0xF8, 0x00, 0x00, 0x00, 0x00, 0x00,
        0x00, 0x3F, 0xF8, 0x00, 0x00, 0x00, 0x00, 0x00, 0x00, 0x3F, 0xF8, 0x00,
        0x00, 0x00, 0x00, 0x00, 0x00, 0x3F, 0xF8, 0x00, 0x00, 0x00, 0x00, 0x00,
        0x00, 0x3F, 0xF8, 0x00, 0x00, 0x00, 0x00, 0x00, 0x00, 0x3F, 0xF8, 0x00,
        0x00, 0x00, 0x00, 0x00, 0x00, 0x3F, 0xF8, 0x00, 0x00, 0x00, 0x00, 0x00,
        0x00, 0x3F, 0xF8, 0x00, 0x00, 0x00, 0x00, 0x00, 0x00, 0x3F, 0xF8, 0x00,
        0x00, 0x00, 0x00, 0x00, 0x00, 0x3F, 0xF8, 0x00, 0x00, 0x00, 0x00, 0x00,
        0x00, 0x3F, 0xF8, 0x00, 0x00, 0x00, 0x00, 0x00, 0x00, 0x3F, 0xF8, 0x00,
        0x00, 0x00, 0x00, 0x00, 0x00, 0x3F, 0xF8, 0x00, 0x00, 0x00, 0x00, 0x00,
        0x00, 0x3F, 0xF8, 0x00, 0x00, 0x00, 0x00, 0x00, 0x00, 0x3F, 0xF8, 0x00,
        0x00, 0x00, 0x00, 0x00, 0x00, 0x3F, 0xF8, 0x00, 0x00, 0x00, 0x00, 0x00,
        0x00, 0x3F, 0xF8, 0x00, 0x00, 0x00, 0x00, 0x00, 0x00, 0x3F, 0xF8, 0x00,
        0x00, 0x00, 0x00, 0x00, 0x00, 0x3F, 0xF8, 0x00, 0x00, 0x00, 0x00, 0x00,
        0x00, 0x3F, 0xF8, 0x00, 0x00, 0x00, 0x00, 0x00, 0x00, 0x3F, 0xF8, 0x00,
        0x00, 0x00, 0x00, 0x00, 0x00, 0x3F, 0xF8, 0x00, 0x00, 0x00, 0x00, 0x00,
        0x00, 0x3F, 0xF8, 0x00, 0x00, 0x00, 0x00, 0x00, 0x00, 0x3F, 0xF8, 0x00,
        0x00, 0x00, 0x00, 0x00, 0x00, 0x3F, 0xF8, 0x00, 0x00, 0x00, 0x00, 0x00,
        0x00, 0x3F, 0xF8, 0x00, 0x00, 0x00, 0x00, 0x00, 0x00, 0x3F, 0xF8, 0x00,
        0x00, 0x00, 0x00, 0x00, 0x00, 0x3F, 0xF8, 0x00, 0x00, 0x00, 0x00, 0x00,
        0x00, 0x3F, 0xF8, 0x00, 0x00, 0x00, 0x00, 0x00, 0x00, 0x00, 0x00, 0x00,
        0x00, 0x00, 0x00, 0x00, 0x00, 0x00, 0x00, 0x00, 0x00, 0x00, 0x00, 0x00,
        0x00, 0x00, 0x00, 0x00, 0x00, 0x00, 0x00, 0x00, 0x00, 0x00, 0x00, 0x00,
        0x00, 0x00, 0x00, 0x00, 0x00, 0x00, 0x00, 0x00, 0x00, 0x00, 0x00, 0x00,
        0x00, 0x00, 0x00, 0x00, 0x00, 0x00, 0x00, 0x00, 0x00, 0x00, 0x00, 0x00,
        0x00, 0x00, 0x00, 0x00, 0x00, 0x00, 0x00, 0x00, 0x00, 0x00, 0x00, 0x00,
        0x00, 0x00, 0x00, 0x00, 0x00, 0x00, 0x00, 0x00,
    ]
}

TURN_U_TURN_CLOCKWISE = {
    'w': 64, 'h': 76,
    'data': [
        0x00, 0x00, 0x00, 0x00, 0x00, 0x00, 0x00, 0x00, 0x00, 0x00, 0x00, 0x00,
        0x00, 0x00, 0x00, 0x00, 0x00, 0x00, 0x00, 0x00, 0x00, 0x00, 0x00, 0x00,
        0x00, 0x00, 0x00, 0x00, 0x00, 0x00, 0x00, 0x00, 0x00, 0x00, 0x00, 0x00,
        0x00, 0x00, 0x00, 0x00, 0x00, 0x00, 0x00, 0x00, 0x00, 0x00, 0x00, 0x00,
        0x00, 0x00, 0x00, 0x00, 0x00, 0x00, 0x00, 0x00, 0x00, 0x00, 0x00, 0x00,
        0x00, 0x00, 0x00, 0x00, 0x00, 0x00, 0x00, 0x00, 0x00, 0x00, 0x00, 0x00,
        0x00, 0x00, 0x00, 0x00, 0x00, 0x00, 0x00, 0x00, 0x00, 0x00, 0x00, 0x00,
        0x00, 0x00, 0x00, 0x00, 0x00, 0x00, 0x00, 0x00, 0x00, 0x00, 0x00, 0x00,
        0x00, 0x00, 0x00, 0x00, 0x00, 0x00, 0x00, 0x00, 0x00, 0x00, 0x00, 0x00,
        0x00, 0x00, 0x00, 0x00, 0x00, 0x00, 0x00, 0x00, 0x00, 0x00, 0x00, 0x00,
        0x00, 0x00, 0x07, 0xFF, 0x80, 0x00, 0x00, 0x00, 0x00, 0x00, 0x3F, 0xFF,
        0xF0, 0x00, 0x00, 0x00, 0x00, 0x00, 0xFF, 0xFF, 0xFC, 0x00, 0x00, 0x00,
        0x00, 0x01, 0xFF, 0xFF, 0xFF, 0x00, 0x00, 0x00, 0x00, 0x07, 0xFF, 0xFF,
        0xFF, 0x80, 0x00, 0x00, 0x00, 0x0F, 0xFF, 0xFF, 0xFF, 0xC0, 0x00, 0x00,
        0x00, 0x1F, 0xFF, 0xFF, 0xFF, 0xE0, 0x00, 0x00, 0x00, 0x3F, 0xFF, 0xFF,
        0xFF, 0xF0, 0x00, 0x00, 0x00, 0x7F, 0xFF, 0xFF, 0xFF, 0xF8, 0x00, 0x00,
        0x00, 0x7F, 0xFF, 0xFF, 0xFF, 0xFC, 0x00, 0x00, 0x00, 0xFF, 0xFF, 0xFF,
        0xFF, 0xFC, 0x00, 0x00, 0x01, 0xFF, 0xFF, 0x01, 0xFF, 0xFE, 0x00, 0x00,
        0x01, 0xFF, 0xFC, 0x00, 0x7F, 0xFF, 0x00, 0x00, 0x03, 0xFF, 0xF0, 0x00,
        0x3F, 0xFF, 0x00, 0x00, 0x03, 0xFF, 0xE0, 0x00, 0x0F, 0xFF, 0x00, 0x00,
        0x03, 0xFF, 0xC0, 0x00, 0x0F, 0xFF, 0x80, 0x00, 0x03, 0xFF, 0x80, 0x00,
        0x07, 0xFF, 0x80, 0x00, 0x07, 0xFF, 0x80, 0x00, 0x03, 0xFF, 0x80, 0x00,
        0x07, 0xFF, 0x80, 0x00, 0x03, 0xFF, 0x80, 0x00, 0x07, 0xFF, 0x80, 0x01,
        0x83, 0xFF, 0x83, 0x80, 0x07, 0xFF, 0x80, 0x03, 0xFB, 0xFF, 0xDF, 0x80,
        0x07, 0xFF, 0x80, 0x03, 0xFF, 0xFF, 0xFF, 0xC0, 0x07, 0xFF, 0x00, 0x03,
        0xFF, 0xFF, 0xFF, 0xC0, 0x07, 0xFF, 0x00, 0x01, 0xFF, 0xFF, 0xFF, 0x80,
        0x07, 0xFF, 0x00, 0x00, 0xFF, 0xFF, 0xFF, 0x00, 0x07, 0xFF, 0x00, 0x00,
        0xFF, 0xFF, 0xFF, 0x00, 0x07, 0xFF, 0x00, 0x00, 0x7F, 0xFF, 0xFE, 0x00,
        0x07, 0xFF, 0x00, 0x00, 0x7F, 0xFF, 0xFC, 0x00, 0x07, 0xFF, 0x00, 0x00,
        0x3F, 0xFF, 0xFC, 0x00, 0x07, 0xFF, 0x00, 0x00, 0x1F, 0xFF, 0xF8, 0x00,
        0x07, 0xFF, 0x00, 0x00, 0x1F, 0xFF, 0xF0, 0x00, 0x07, 0xFF, 0x00, 0x00,
        0x0F, 0xFF, 0xF0, 0x00, 0x07, 0xFF, 0x00, 0x00, 0x07, 0xFF, 0xE0, 0x00,
        0x07, 0xFF, 0x00, 0x00, 0x03, 0xFF, 0xC0, 0x00, 0x07, 0xFF, 0x00, 0x00,
        0x03, 0xFF, 0x80, 0x00, 0x07, 0xFF, 0x00, 0x00, 0x01, 0xFF, 0x80, 0x00,
        0x07, 0xFF, 0x00, 0x00, 0x00, 0xFF, 0x00, 0x00, 0x07, 0xFF, 0x00, 0x00,
        0x00, 0xFE, 0x00, 0x00, 0x07, 0xFF, 0x00, 0x00, 0x00, 0x7E, 0x00, 0x00,
        0x07, 0xFF, 0x00, 0x00, 0x00, 0x3C, 0x00, 0x00, 0x07, 0xFF, 0x00, 0x00,
        0x00, 0x38, 0x00, 0x00, 0x07, 0xFF, 0x00, 0x00, 0x00, 0x18, 0x00, 0x00,
        0x07, 0xFF, 0x00, 0x00, 0x00, 0x00, 0x00, 0x00, 0x07, 0xFF, 0x00, 0x00,
        0x00, 0x00, 0x00, 0x00, 0x07, 0xFF, 0x00, 0x00, 0x00, 0x00, 0x00, 0x00,
        0x07, 0xFF, 0x00, 0x00, 0x00, 0x00, 0x00, 0x00, 0x07, 0xFF, 0x00, 0x00,
        0x00, 0x00, 0x00, 0x00, 0x00, 0x00, 0x00, 0x00, 0x00, 0x00, 0x00, 0x00,
        0x00, 0x00, 0x00, 0x00, 0x00, 0x00, 0x00, 0x00, 0x00, 0x00, 0x00, 0x00,
        0x00, 0x00, 0x00, 0x00, 0x00, 0x00, 0x00, 0x00, 0x00, 0x00, 0x00, 0x00,
        0x00, 0x00, 0x00, 0x00, 0x00, 0x00, 0x00, 0x00, 0x00, 0x00, 0x00, 0x00,
        0x00, 0x00, 0x00, 0x00, 0x00, 0x00, 0x00, 0x00, 0x00, 0x00, 0x00, 0x00,
        0x00, 0x00, 0x00, 0x00, 0x00, 0x00, 0x00, 0x00, 0x00, 0x00, 0x00, 0x00,
        0x00, 0x00, 0x00, 0x00, 0x00, 0x00, 0x00, 0x00, 0x00, 0x00, 0x00, 0x00,
        0x00, 0x00, 0x00, 0x00, 0x00, 0x00, 0x00, 0x00, 0x00, 0x00, 0x00, 0x00,
        0x00, 0x00, 0x00, 0x00, 0x00, 0x00, 0x00, 0x00, 0x00, 0x00, 0x00, 0x00,
        0x00, 0x00, 0x00, 0x00, 0x00, 0x00, 0x00, 0x00,
    ]
}

TURN_U_TURN_COUNTERCLOCKWISE = {
    'w': 64, 'h': 76,
    'data': [
        0x00, 0x00, 0x00, 0x00, 0x00, 0x00, 0x00, 0x00, 0x00, 0x00, 0x00, 0x00,
        0x00, 0x00, 0x00, 0x00, 0x00, 0x00, 0x00, 0x00, 0x00, 0x00, 0x00, 0x00,
        0x00, 0x00, 0x00, 0x00, 0x00, 0x00, 0x00, 0x00, 0x00, 0x00, 0x00, 0x00,
        0x00, 0x00, 0x00, 0x00, 0x00, 0x00, 0x00, 0x00, 0x00, 0x00, 0x00, 0x00,
        0x00, 0x00, 0x00, 0x00, 0x00, 0x00, 0x00, 0x00, 0x00, 0x00, 0x00, 0x00,
        0x00, 0x00, 0x00, 0x00, 0x00, 0x00, 0x00, 0x00, 0x00, 0x00, 0x00, 0x00,
        0x00, 0x00, 0x00, 0x00, 0x00, 0x00, 0x00, 0x00, 0x00, 0x00, 0x00, 0x00,
        0x00, 0x00, 0x00, 0x00, 0x00, 0x00, 0x00, 0x00, 0x00, 0x00, 0x00, 0x00,
        0x00, 0x00, 0x00, 0x00, 0x00, 0x00, 0x00, 0x00, 0x00, 0x00, 0x00, 0x00,
        0x00, 0x00, 0x00, 0x00, 0x00, 0x00, 0x00, 0x00, 0x00, 0x00, 0x00, 0x00,
        0x00, 0x00, 0x00, 0x01, 0xFF, 0xE0, 0x00, 0x00, 0x00, 0x00, 0x00, 0x0F,
        0xFF, 0xFC, 0x00, 0x00, 0x00, 0x00, 0x00, 0x3F, 0xFF, 0xFF, 0x00, 0x00,
        0x00, 0x00, 0x00, 0xFF, 0xFF, 0xFF, 0x80, 0x00, 0x00, 0x00, 0x01, 0xFF,
        0xFF, 0xFF, 0xE0, 0x00, 0x00, 0x00, 0x03, 0xFF, 0xFF, 0xFF, 0xF0, 0x00,
        0x00, 0x00, 0x07, 0xFF, 0xFF, 0xFF, 0xF8, 0x00, 0x00, 0x00, 0x0F, 0xFF,
        0xFF, 0xFF, 0xFC, 0x00, 0x00, 0x00, 0x1F, 0xFF, 0xFF, 0xFF, 0xFE, 0x00,
        0x00, 0x00, 0x3F, 0xFF, 0xFF, 0xFF, 0xFE, 0x00, 0x00, 0x00, 0x3F, 0xFF,
        0xFF, 0xFF, 0xFF, 0x00, 0x00, 0x00, 0x7F, 0xFF, 0x80, 0xFF, 0xFF, 0x80,
        0x00, 0x00, 0xFF, 0xFE, 0x00, 0x3F, 0xFF, 0x80, 0x00, 0x00, 0xFF, 0xFC,
        0x00, 0x0F, 0xFF, 0xC0, 0x00, 0x00, 0xFF, 0xF0, 0x00, 0x07, 0xFF, 0xC0,
        0x00, 0x01, 0xFF, 0xF0, 0x00, 0x03, 0xFF, 0xC0, 0x00, 0x01, 0xFF, 0xE0,
        0x00, 0x01, 0xFF, 0xC0, 0x00, 0x01, 0xFF, 0xC0, 0x00, 0x01, 0xFF, 0xE0,
        0x00, 0x01, 0xFF, 0xC0, 0x00, 0x01, 0xFF, 0xE0, 0x01, 0xC1, 0xFF, 0xC1,
        0x80, 0x01, 0xFF, 0xE0, 0x01, 0xFB, 0xFF, 0xDF, 0xC0, 0x01, 0xFF, 0xE0,
        0x03, 0xFF, 0xFF, 0xFF, 0xC0, 0x01, 0xFF, 0xE0, 0x03, 0xFF, 0xFF, 0xFF,
        0xC0, 0x00, 0xFF, 0xE0, 0x01, 0xFF, 0xFF, 0xFF, 0x80, 0x00, 0xFF, 0xE0,
        0x00, 0xFF, 0xFF, 0xFF, 0x00, 0x00, 0xFF, 0xE0, 0x00, 0xFF, 0xFF, 0xFF,
        0x00, 0x00, 0xFF, 0xE0, 0x00, 0x7F, 0xFF, 0xFE, 0x00, 0x00, 0xFF, 0xE0,
        0x00, 0x3F, 0xFF, 0xFE, 0x00, 0x00, 0xFF, 0xE0, 0x00, 0x3F, 0xFF, 0xFC,
        0x00, 0x00, 0xFF, 0xE0, 0x00, 0x1F, 0xFF, 0xF8, 0x00, 0x00, 0xFF, 0xE0,
        0x00, 0x0F, 0xFF, 0xF8, 0x00, 0x00, 0xFF, 0xE0, 0x00, 0x0F, 0xFF, 0xF0,
        0x00, 0x00, 0xFF, 0xE0, 0x00, 0x07, 0xFF, 0xE0, 0x00, 0x00, 0xFF, 0xE0,
        0x00, 0x03, 0xFF, 0xC0, 0x00, 0x00, 0xFF, 0xE0, 0x00, 0x01, 0xFF, 0xC0,
        0x00, 0x00, 0xFF, 0xE0, 0x00, 0x01, 0xFF, 0x80, 0x00, 0x00, 0xFF, 0xE0,
        0x00, 0x00, 0xFF, 0x00, 0x00, 0x00, 0xFF, 0xE0, 0x00, 0x00, 0x7F, 0x00,
        0x00, 0x00, 0xFF, 0xE0, 0x00, 0x00, 0x7E, 0x00, 0x00, 0x00, 0xFF, 0xE0,
        0x00, 0x00, 0x3C, 0x00, 0x00, 0x00, 0xFF, 0xE0, 0x00, 0x00, 0x1C, 0x00,
        0x00, 0x00, 0xFF, 0xE0, 0x00, 0x00, 0x18, 0x00, 0x00, 0x00, 0xFF, 0xE0,
        0x00, 0x00, 0x00, 0x00, 0x00, 0x00, 0xFF, 0xE0, 0x00, 0x00, 0x00, 0x00,
        0x00, 0x00, 0xFF, 0xE0, 0x00, 0x00, 0x00, 0x00, 0x00, 0x00, 0xFF, 0xE0,
        0x00, 0x00, 0x00, 0x00, 0x00, 0x00, 0xFF, 0xE0, 0x00, 0x00, 0x00, 0x00,
        0x00, 0x00, 0xFF, 0xE0, 0x00, 0x00, 0x00, 0x00, 0x00, 0x00, 0x00, 0x00,
        0x00, 0x00, 0x00, 0x00, 0x00, 0x00, 0x00, 0x00, 0x00, 0x00, 0x00, 0x00,
        0x00, 0x00, 0x00, 0x00, 0x00, 0x00, 0x00, 0x00, 0x00, 0x00, 0x00, 0x00,
        0x00, 0x00, 0x00, 0x00, 0x00, 0x00, 0x00, 0x00, 0x00, 0x00, 0x00, 0x00,
        0x00, 0x00, 0x00, 0x00, 0x00, 0x00, 0x00, 0x00, 0x00, 0x00, 0x00, 0x00,
        0x00, 0x00, 0x00, 0x00, 0x00, 0x00, 0x00, 0x00, 0x00, 0x00, 0x00, 0x00,
        0x00, 0x00, 0x00, 0x00, 0x00, 0x00, 0x00, 0x00, 0x00, 0x00, 0x00, 0x00,
        0x00, 0x00, 0x00, 0x00, 0x00, 0x00, 0x00, 0x00, 0x00, 0x00, 0x00, 0x00,
        0x00, 0x00, 0x00, 0x00, 0x00, 0x00, 0x00, 0x00, 0x00, 0x00, 0x00, 0x00,
        0x00, 0x00, 0x00, 0x00, 0x00, 0x00, 0x00, 0x00,
    ]
}

